<stg><name>trace_cntrl_32</name>


<trans_list>

<trans id="65" from="1" to="2">
<condition id="-1">
<or_exp><and_exp></and_exp></or_exp>
</condition>
</trans>

<trans id="79" from="2" to="5">
<condition id="-1">
<or_exp><and_exp><literal name="icmp_ln20" val="0"/>
</and_exp></or_exp>
</condition>
</trans>

<trans id="80" from="2" to="3">
<condition id="-1">
<or_exp><and_exp><literal name="icmp_ln20" val="1"/>
</and_exp></or_exp>
</condition>
</trans>

<trans id="77" from="3" to="4">
<condition id="-1">
<or_exp><and_exp></and_exp></or_exp>
</condition>
</trans>

<trans id="78" from="4" to="2">
<condition id="-1">
<or_exp><and_exp></and_exp></or_exp>
</condition>
</trans>
</trans_list>



<state_list>

<state id="1" st_id="1">

<operation id="6" st_id="1" stage="1" lat="1">
<core>NULL</core>
<MemPortIdVec></MemPortIdVec>
<condition id="-1">
<or_exp><and_exp></and_exp></or_exp>
</condition>

<Node id="17" bw="32" op_0_bw="32">
<![CDATA[
:0  %samples_1 = alloca i32

]]></Node>
<StgValue><ssdm name="samples_1"/></StgValue>
</operation>

<operation id="7" st_id="1" stage="1" lat="1">
<core>s_axilite</core>
<MemPortIdVec></MemPortIdVec>
<condition id="-1">
<or_exp><and_exp></and_exp></or_exp>
</condition>

<Node id="18" bw="32" op_0_bw="32" op_1_bw="32">
<![CDATA[
:1  %length_read = call i32 @_ssdm_op_Read.s_axilite.i32(i32 %length_r)

]]></Node>
<StgValue><ssdm name="length_read"/></StgValue>
</operation>

<operation id="8" st_id="1" stage="1" lat="1">
<core>s_axilite</core>
<MemPortIdVec></MemPortIdVec>
<condition id="-1">
<or_exp><and_exp></and_exp></or_exp>
</condition>

<Node id="19" bw="32" op_0_bw="32" op_1_bw="32">
<![CDATA[
:2  %trigger_V_read = call i32 @_ssdm_op_Read.s_axilite.i32(i32 %trigger_V)

]]></Node>
<StgValue><ssdm name="trigger_V_read"/></StgValue>
</operation>

<operation id="9" st_id="1" stage="1" lat="1">
<core>NULL</core>
<MemPortIdVec></MemPortIdVec>
<condition id="-1">
<or_exp><and_exp></and_exp></or_exp>
</condition>

<Node id="20" bw="0" op_0_bw="0" op_1_bw="32">
<![CDATA[
:3  call void (...)* @_ssdm_op_SpecBitsMap(i32* %trace_32_data_V), !map !29

]]></Node>
<StgValue><ssdm name="specbitsmap_ln0"/></StgValue>
</operation>

<operation id="10" st_id="1" stage="1" lat="1">
<core>NULL</core>
<MemPortIdVec></MemPortIdVec>
<condition id="-1">
<or_exp><and_exp></and_exp></or_exp>
</condition>

<Node id="21" bw="0" op_0_bw="0" op_1_bw="4">
<![CDATA[
:4  call void (...)* @_ssdm_op_SpecBitsMap(i4* %trace_32_keep_V), !map !35

]]></Node>
<StgValue><ssdm name="specbitsmap_ln0"/></StgValue>
</operation>

<operation id="11" st_id="1" stage="1" lat="1">
<core>NULL</core>
<MemPortIdVec></MemPortIdVec>
<condition id="-1">
<or_exp><and_exp></and_exp></or_exp>
</condition>

<Node id="22" bw="0" op_0_bw="0" op_1_bw="4">
<![CDATA[
:5  call void (...)* @_ssdm_op_SpecBitsMap(i4* %trace_32_strb_V), !map !39

]]></Node>
<StgValue><ssdm name="specbitsmap_ln0"/></StgValue>
</operation>

<operation id="12" st_id="1" stage="1" lat="1">
<core>NULL</core>
<MemPortIdVec></MemPortIdVec>
<condition id="-1">
<or_exp><and_exp></and_exp></or_exp>
</condition>

<Node id="23" bw="0" op_0_bw="0" op_1_bw="1">
<![CDATA[
:6  call void (...)* @_ssdm_op_SpecBitsMap(i1* %trace_32_user_V), !map !43

]]></Node>
<StgValue><ssdm name="specbitsmap_ln0"/></StgValue>
</operation>

<operation id="13" st_id="1" stage="1" lat="1">
<core>NULL</core>
<MemPortIdVec></MemPortIdVec>
<condition id="-1">
<or_exp><and_exp></and_exp></or_exp>
</condition>

<Node id="24" bw="0" op_0_bw="0" op_1_bw="1">
<![CDATA[
:7  call void (...)* @_ssdm_op_SpecBitsMap(i1* %trace_32_last_V), !map !47

]]></Node>
<StgValue><ssdm name="specbitsmap_ln0"/></StgValue>
</operation>

<operation id="14" st_id="1" stage="1" lat="1">
<core>NULL</core>
<MemPortIdVec></MemPortIdVec>
<condition id="-1">
<or_exp><and_exp></and_exp></or_exp>
</condition>

<Node id="25" bw="0" op_0_bw="0" op_1_bw="1">
<![CDATA[
:8  call void (...)* @_ssdm_op_SpecBitsMap(i1* %trace_32_id_V), !map !51

]]></Node>
<StgValue><ssdm name="specbitsmap_ln0"/></StgValue>
</operation>

<operation id="15" st_id="1" stage="1" lat="1">
<core>NULL</core>
<MemPortIdVec></MemPortIdVec>
<condition id="-1">
<or_exp><and_exp></and_exp></or_exp>
</condition>

<Node id="26" bw="0" op_0_bw="0" op_1_bw="1">
<![CDATA[
:9  call void (...)* @_ssdm_op_SpecBitsMap(i1* %trace_32_dest_V), !map !55

]]></Node>
<StgValue><ssdm name="specbitsmap_ln0"/></StgValue>
</operation>

<operation id="16" st_id="1" stage="1" lat="1">
<core>NULL</core>
<MemPortIdVec></MemPortIdVec>
<condition id="-1">
<or_exp><and_exp></and_exp></or_exp>
</condition>

<Node id="27" bw="0" op_0_bw="0" op_1_bw="32">
<![CDATA[
:10  call void (...)* @_ssdm_op_SpecBitsMap(i32* %capture_32_data_V), !map !59

]]></Node>
<StgValue><ssdm name="specbitsmap_ln0"/></StgValue>
</operation>

<operation id="17" st_id="1" stage="1" lat="1">
<core>NULL</core>
<MemPortIdVec></MemPortIdVec>
<condition id="-1">
<or_exp><and_exp></and_exp></or_exp>
</condition>

<Node id="28" bw="0" op_0_bw="0" op_1_bw="4">
<![CDATA[
:11  call void (...)* @_ssdm_op_SpecBitsMap(i4* %capture_32_keep_V), !map !63

]]></Node>
<StgValue><ssdm name="specbitsmap_ln0"/></StgValue>
</operation>

<operation id="18" st_id="1" stage="1" lat="1">
<core>NULL</core>
<MemPortIdVec></MemPortIdVec>
<condition id="-1">
<or_exp><and_exp></and_exp></or_exp>
</condition>

<Node id="29" bw="0" op_0_bw="0" op_1_bw="4">
<![CDATA[
:12  call void (...)* @_ssdm_op_SpecBitsMap(i4* %capture_32_strb_V), !map !67

]]></Node>
<StgValue><ssdm name="specbitsmap_ln0"/></StgValue>
</operation>

<operation id="19" st_id="1" stage="1" lat="1">
<core>NULL</core>
<MemPortIdVec></MemPortIdVec>
<condition id="-1">
<or_exp><and_exp></and_exp></or_exp>
</condition>

<Node id="30" bw="0" op_0_bw="0" op_1_bw="1">
<![CDATA[
:13  call void (...)* @_ssdm_op_SpecBitsMap(i1* %capture_32_user_V), !map !71

]]></Node>
<StgValue><ssdm name="specbitsmap_ln0"/></StgValue>
</operation>

<operation id="20" st_id="1" stage="1" lat="1">
<core>NULL</core>
<MemPortIdVec></MemPortIdVec>
<condition id="-1">
<or_exp><and_exp></and_exp></or_exp>
</condition>

<Node id="31" bw="0" op_0_bw="0" op_1_bw="1">
<![CDATA[
:14  call void (...)* @_ssdm_op_SpecBitsMap(i1* %capture_32_last_V), !map !75

]]></Node>
<StgValue><ssdm name="specbitsmap_ln0"/></StgValue>
</operation>

<operation id="21" st_id="1" stage="1" lat="1">
<core>NULL</core>
<MemPortIdVec></MemPortIdVec>
<condition id="-1">
<or_exp><and_exp></and_exp></or_exp>
</condition>

<Node id="32" bw="0" op_0_bw="0" op_1_bw="1">
<![CDATA[
:15  call void (...)* @_ssdm_op_SpecBitsMap(i1* %capture_32_id_V), !map !79

]]></Node>
<StgValue><ssdm name="specbitsmap_ln0"/></StgValue>
</operation>

<operation id="22" st_id="1" stage="1" lat="1">
<core>NULL</core>
<MemPortIdVec></MemPortIdVec>
<condition id="-1">
<or_exp><and_exp></and_exp></or_exp>
</condition>

<Node id="33" bw="0" op_0_bw="0" op_1_bw="1">
<![CDATA[
:16  call void (...)* @_ssdm_op_SpecBitsMap(i1* %capture_32_dest_V), !map !83

]]></Node>
<StgValue><ssdm name="specbitsmap_ln0"/></StgValue>
</operation>

<operation id="23" st_id="1" stage="1" lat="1">
<core>NULL</core>
<MemPortIdVec></MemPortIdVec>
<condition id="-1">
<or_exp><and_exp></and_exp></or_exp>
</condition>

<Node id="34" bw="0" op_0_bw="0" op_1_bw="32">
<![CDATA[
:17  call void (...)* @_ssdm_op_SpecBitsMap(i32 %trigger_V), !map !87

]]></Node>
<StgValue><ssdm name="specbitsmap_ln0"/></StgValue>
</operation>

<operation id="24" st_id="1" stage="1" lat="1">
<core>NULL</core>
<MemPortIdVec></MemPortIdVec>
<condition id="-1">
<or_exp><and_exp></and_exp></or_exp>
</condition>

<Node id="35" bw="0" op_0_bw="0" op_1_bw="32">
<![CDATA[
:18  call void (...)* @_ssdm_op_SpecBitsMap(i32 %length_r), !map !93

]]></Node>
<StgValue><ssdm name="specbitsmap_ln0"/></StgValue>
</operation>

<operation id="25" st_id="1" stage="1" lat="1">
<core>NULL</core>
<MemPortIdVec></MemPortIdVec>
<condition id="-1">
<or_exp><and_exp></and_exp></or_exp>
</condition>

<Node id="36" bw="0" op_0_bw="0" op_1_bw="0">
<![CDATA[
:19  call void (...)* @_ssdm_op_SpecTopModule([15 x i8]* @trace_cntrl_32_str) nounwind

]]></Node>
<StgValue><ssdm name="spectopmodule_ln0"/></StgValue>
</operation>

<operation id="26" st_id="1" stage="1" lat="1">
<core>NULL</core>
<MemPortIdVec></MemPortIdVec>
<condition id="-1">
<or_exp><and_exp></and_exp></or_exp>
</condition>

<Node id="37" bw="0" op_0_bw="0" op_1_bw="32" op_2_bw="4" op_3_bw="4" op_4_bw="1" op_5_bw="1" op_6_bw="1" op_7_bw="1" op_8_bw="0" op_9_bw="32" op_10_bw="32" op_11_bw="0" op_12_bw="32" op_13_bw="32" op_14_bw="0" op_15_bw="0" op_16_bw="0" op_17_bw="32" op_18_bw="32" op_19_bw="32" op_20_bw="32" op_21_bw="0" op_22_bw="0">
<![CDATA[
:20  call void (...)* @_ssdm_op_SpecInterface(i32* %trace_32_data_V, i4* %trace_32_keep_V, i4* %trace_32_strb_V, i1* %trace_32_user_V, i1* %trace_32_last_V, i1* %trace_32_id_V, i1* %trace_32_dest_V, [5 x i8]* @p_str, i32 1, i32 1, [5 x i8]* @p_str1, i32 0, i32 50, [1 x i8]* @p_str2, [1 x i8]* @p_str2, [1 x i8]* @p_str2, i32 0, i32 0, i32 0, i32 0, [1 x i8]* @p_str2, [1 x i8]* @p_str2) nounwind

]]></Node>
<StgValue><ssdm name="specinterface_ln9"/></StgValue>
</operation>

<operation id="27" st_id="1" stage="1" lat="1">
<core>NULL</core>
<MemPortIdVec></MemPortIdVec>
<condition id="-1">
<or_exp><and_exp></and_exp></or_exp>
</condition>

<Node id="38" bw="0" op_0_bw="0" op_1_bw="32" op_2_bw="4" op_3_bw="4" op_4_bw="1" op_5_bw="1" op_6_bw="1" op_7_bw="1" op_8_bw="0" op_9_bw="32" op_10_bw="32" op_11_bw="0" op_12_bw="32" op_13_bw="32" op_14_bw="0" op_15_bw="0" op_16_bw="0" op_17_bw="32" op_18_bw="32" op_19_bw="32" op_20_bw="32" op_21_bw="0" op_22_bw="0">
<![CDATA[
:21  call void (...)* @_ssdm_op_SpecInterface(i32* %capture_32_data_V, i4* %capture_32_keep_V, i4* %capture_32_strb_V, i1* %capture_32_user_V, i1* %capture_32_last_V, i1* %capture_32_id_V, i1* %capture_32_dest_V, [5 x i8]* @p_str, i32 1, i32 1, [5 x i8]* @p_str1, i32 0, i32 50, [1 x i8]* @p_str2, [1 x i8]* @p_str2, [1 x i8]* @p_str2, i32 0, i32 0, i32 0, i32 0, [1 x i8]* @p_str2, [1 x i8]* @p_str2) nounwind

]]></Node>
<StgValue><ssdm name="specinterface_ln10"/></StgValue>
</operation>

<operation id="28" st_id="1" stage="1" lat="1">
<core>NULL</core>
<MemPortIdVec></MemPortIdVec>
<condition id="-1">
<or_exp><and_exp></and_exp></or_exp>
</condition>

<Node id="39" bw="0" op_0_bw="0" op_1_bw="32" op_2_bw="0" op_3_bw="32" op_4_bw="32" op_5_bw="0" op_6_bw="32" op_7_bw="32" op_8_bw="0" op_9_bw="0" op_10_bw="0" op_11_bw="32" op_12_bw="32" op_13_bw="32" op_14_bw="32" op_15_bw="0" op_16_bw="0">
<![CDATA[
:22  call void (...)* @_ssdm_op_SpecInterface(i32 %trigger_V, [10 x i8]* @p_str3, i32 0, i32 0, [1 x i8]* @p_str2, i32 0, i32 0, [12 x i8]* @p_str4, [1 x i8]* @p_str2, [1 x i8]* @p_str2, i32 0, i32 0, i32 0, i32 0, [1 x i8]* @p_str2, [1 x i8]* @p_str2) nounwind

]]></Node>
<StgValue><ssdm name="specinterface_ln11"/></StgValue>
</operation>

<operation id="29" st_id="1" stage="1" lat="1">
<core>NULL</core>
<MemPortIdVec></MemPortIdVec>
<condition id="-1">
<or_exp><and_exp></and_exp></or_exp>
</condition>

<Node id="40" bw="0" op_0_bw="0" op_1_bw="32" op_2_bw="0" op_3_bw="32" op_4_bw="32" op_5_bw="0" op_6_bw="32" op_7_bw="32" op_8_bw="0" op_9_bw="0" op_10_bw="0" op_11_bw="32" op_12_bw="32" op_13_bw="32" op_14_bw="32" op_15_bw="0" op_16_bw="0">
<![CDATA[
:23  call void (...)* @_ssdm_op_SpecInterface(i32 %length_r, [10 x i8]* @p_str3, i32 0, i32 0, [1 x i8]* @p_str2, i32 0, i32 0, [12 x i8]* @p_str4, [1 x i8]* @p_str2, [1 x i8]* @p_str2, i32 0, i32 0, i32 0, i32 0, [1 x i8]* @p_str2, [1 x i8]* @p_str2) nounwind

]]></Node>
<StgValue><ssdm name="specinterface_ln12"/></StgValue>
</operation>

<operation id="30" st_id="1" stage="1" lat="1">
<core>NULL</core>
<MemPortIdVec></MemPortIdVec>
<condition id="-1">
<or_exp><and_exp></and_exp></or_exp>
</condition>

<Node id="41" bw="0" op_0_bw="0" op_1_bw="32" op_2_bw="0" op_3_bw="32" op_4_bw="32" op_5_bw="0" op_6_bw="32" op_7_bw="32" op_8_bw="0" op_9_bw="0" op_10_bw="0" op_11_bw="32" op_12_bw="32" op_13_bw="32" op_14_bw="32" op_15_bw="0" op_16_bw="0">
<![CDATA[
:24  call void (...)* @_ssdm_op_SpecInterface(i32 0, [10 x i8]* @p_str3, i32 0, i32 0, [1 x i8]* @p_str2, i32 0, i32 0, [12 x i8]* @p_str4, [1 x i8]* @p_str2, [1 x i8]* @p_str2, i32 0, i32 0, i32 0, i32 0, [1 x i8]* @p_str2, [1 x i8]* @p_str2) nounwind

]]></Node>
<StgValue><ssdm name="specinterface_ln13"/></StgValue>
</operation>

<operation id="31" st_id="1" stage="1" lat="1">
<core>AddSub</core>
<MemPortIdVec></MemPortIdVec>
<condition id="-1">
<or_exp><and_exp></and_exp></or_exp>
</condition>

<Node id="42" bw="32" op_0_bw="32" op_1_bw="32">
<![CDATA[
:25  %add_ln27 = add nsw i32 %length_read, -1

]]></Node>
<StgValue><ssdm name="add_ln27"/></StgValue>
</operation>

<operation id="32" st_id="1" stage="1" lat="1">
<core>NULL</core>
<MemPortIdVec></MemPortIdVec>
<condition id="-1">
<or_exp><and_exp></and_exp></or_exp>
</condition>

<Node id="43" bw="0" op_0_bw="32" op_1_bw="32">
<![CDATA[
:26  store i32 0, i32* %samples_1

]]></Node>
<StgValue><ssdm name="store_ln20"/></StgValue>
</operation>

<operation id="33" st_id="1" stage="1" lat="1">
<core>NULL</core>
<MemPortIdVec></MemPortIdVec>
<condition id="-1">
<or_exp><and_exp></and_exp></or_exp>
</condition>

<Node id="44" bw="0" op_0_bw="0">
<![CDATA[
:27  br label %1

]]></Node>
<StgValue><ssdm name="br_ln20"/></StgValue>
</operation>
</state>

<state id="2" st_id="2">

<operation id="34" st_id="2" stage="1" lat="1">
<core>NULL</core>
<MemPortIdVec></MemPortIdVec>
<condition id="-1">
<or_exp><and_exp></and_exp></or_exp>
</condition>

<Node id="46" bw="1" op_0_bw="1" op_1_bw="0" op_2_bw="1" op_3_bw="0">
<![CDATA[
:0  %match_0 = phi i1 [ false, %0 ], [ %or_ln23, %hls_label_0_end ]

]]></Node>
<StgValue><ssdm name="match_0"/></StgValue>
</operation>

<operation id="35" st_id="2" stage="1" lat="1">
<core>NULL</core>
<MemPortIdVec></MemPortIdVec>
<condition id="-1">
<or_exp><and_exp></and_exp></or_exp>
</condition>

<Node id="47" bw="32" op_0_bw="32" op_1_bw="0" op_2_bw="32" op_3_bw="0">
<![CDATA[
:1  %i_0 = phi i32 [ 0, %0 ], [ %i_2, %hls_label_0_end ]

]]></Node>
<StgValue><ssdm name="i_0"/></StgValue>
</operation>

<operation id="36" st_id="2" stage="1" lat="1">
<core>Cmp</core>
<MemPortIdVec></MemPortIdVec>
<condition id="-1">
<or_exp><and_exp></and_exp></or_exp>
</condition>

<Node id="48" bw="1" op_0_bw="32" op_1_bw="32">
<![CDATA[
:2  %icmp_ln20 = icmp slt i32 %i_0, %length_read

]]></Node>
<StgValue><ssdm name="icmp_ln20"/></StgValue>
</operation>

<operation id="37" st_id="2" stage="1" lat="1">
<core>NULL</core>
<MemPortIdVec></MemPortIdVec>
<condition id="-1">
<or_exp><and_exp></and_exp></or_exp>
</condition>

<Node id="49" bw="0" op_0_bw="1" op_1_bw="0" op_2_bw="0">
<![CDATA[
:3  br i1 %icmp_ln20, label %hls_label_0_begin, label %4

]]></Node>
<StgValue><ssdm name="br_ln20"/></StgValue>
</operation>

<operation id="38" st_id="2" stage="1" lat="1">
<core>AXI4Stream</core>
<MemPortIdVec></MemPortIdVec>
<condition id="-1">
<or_exp><and_exp><literal name="icmp_ln20" val="1"/>
</and_exp></or_exp>
</condition>

<Node id="53" bw="44" op_0_bw="44" op_1_bw="32" op_2_bw="4" op_3_bw="4" op_4_bw="1" op_5_bw="1" op_6_bw="1" op_7_bw="1">
<![CDATA[
hls_label_0_begin:2  %empty = call { i32, i4, i4, i1, i1, i1, i1 } @_ssdm_op_Read.axis.volatile.i32P.i4P.i4P.i1P.i1P.i1P.i1P(i32* %trace_32_data_V, i4* %trace_32_keep_V, i4* %trace_32_strb_V, i1* %trace_32_user_V, i1* %trace_32_last_V, i1* %trace_32_id_V, i1* %trace_32_dest_V)

]]></Node>
<StgValue><ssdm name="empty"/></StgValue>
</operation>

<operation id="39" st_id="2" stage="1" lat="1">
<core>NULL</core>
<MemPortIdVec></MemPortIdVec>
<condition id="-1">
<or_exp><and_exp><literal name="icmp_ln20" val="1"/>
</and_exp></or_exp>
</condition>

<Node id="54" bw="32" op_0_bw="44">
<![CDATA[
hls_label_0_begin:3  %trace_temp_data_V = extractvalue { i32, i4, i4, i1, i1, i1, i1 } %empty, 0

]]></Node>
<StgValue><ssdm name="trace_temp_data_V"/></StgValue>
</operation>

<operation id="40" st_id="2" stage="1" lat="1">
<core>NULL</core>
<MemPortIdVec></MemPortIdVec>
<condition id="-1">
<or_exp><and_exp><literal name="icmp_ln20" val="1"/>
</and_exp></or_exp>
</condition>

<Node id="55" bw="4" op_0_bw="44">
<![CDATA[
hls_label_0_begin:4  %trace_temp_keep_V = extractvalue { i32, i4, i4, i1, i1, i1, i1 } %empty, 1

]]></Node>
<StgValue><ssdm name="trace_temp_keep_V"/></StgValue>
</operation>

<operation id="41" st_id="2" stage="1" lat="1">
<core>NULL</core>
<MemPortIdVec></MemPortIdVec>
<condition id="-1">
<or_exp><and_exp><literal name="icmp_ln20" val="1"/>
</and_exp></or_exp>
</condition>

<Node id="56" bw="4" op_0_bw="44">
<![CDATA[
hls_label_0_begin:5  %trace_temp_strb_V = extractvalue { i32, i4, i4, i1, i1, i1, i1 } %empty, 2

]]></Node>
<StgValue><ssdm name="trace_temp_strb_V"/></StgValue>
</operation>

<operation id="42" st_id="2" stage="1" lat="1">
<core>NULL</core>
<MemPortIdVec></MemPortIdVec>
<condition id="-1">
<or_exp><and_exp><literal name="icmp_ln20" val="1"/>
</and_exp></or_exp>
</condition>

<Node id="57" bw="1" op_0_bw="44">
<![CDATA[
hls_label_0_begin:6  %trace_temp_user_V = extractvalue { i32, i4, i4, i1, i1, i1, i1 } %empty, 3

]]></Node>
<StgValue><ssdm name="trace_temp_user_V"/></StgValue>
</operation>

<operation id="43" st_id="2" stage="1" lat="1">
<core>NULL</core>
<MemPortIdVec></MemPortIdVec>
<condition id="-1">
<or_exp><and_exp><literal name="icmp_ln20" val="1"/>
</and_exp></or_exp>
</condition>

<Node id="58" bw="1" op_0_bw="44">
<![CDATA[
hls_label_0_begin:7  %trace_temp_id_V = extractvalue { i32, i4, i4, i1, i1, i1, i1 } %empty, 5

]]></Node>
<StgValue><ssdm name="trace_temp_id_V"/></StgValue>
</operation>

<operation id="44" st_id="2" stage="1" lat="1">
<core>NULL</core>
<MemPortIdVec></MemPortIdVec>
<condition id="-1">
<or_exp><and_exp><literal name="icmp_ln20" val="1"/>
</and_exp></or_exp>
</condition>

<Node id="59" bw="1" op_0_bw="44">
<![CDATA[
hls_label_0_begin:8  %trace_temp_dest_V = extractvalue { i32, i4, i4, i1, i1, i1, i1 } %empty, 6

]]></Node>
<StgValue><ssdm name="trace_temp_dest_V"/></StgValue>
</operation>

<operation id="45" st_id="2" stage="1" lat="1">
<core>LogicGate</core>
<MemPortIdVec></MemPortIdVec>
<condition id="-1">
<or_exp><and_exp><literal name="icmp_ln20" val="1"/>
</and_exp></or_exp>
</condition>

<Node id="60" bw="32" op_0_bw="32" op_1_bw="32">
<![CDATA[
hls_label_0_begin:9  %and_ln23 = and i32 %trace_temp_data_V, %trigger_V_read

]]></Node>
<StgValue><ssdm name="and_ln23"/></StgValue>
</operation>

<operation id="46" st_id="2" stage="1" lat="1">
<core>Cmp</core>
<MemPortIdVec></MemPortIdVec>
<condition id="-1">
<or_exp><and_exp><literal name="icmp_ln20" val="1"/>
</and_exp></or_exp>
</condition>

<Node id="61" bw="1" op_0_bw="32" op_1_bw="32">
<![CDATA[
hls_label_0_begin:10  %icmp_ln23 = icmp eq i32 %and_ln23, %trigger_V_read

]]></Node>
<StgValue><ssdm name="icmp_ln23"/></StgValue>
</operation>

<operation id="47" st_id="2" stage="1" lat="1">
<core>LogicGate</core>
<MemPortIdVec></MemPortIdVec>
<condition id="-1">
<or_exp><and_exp><literal name="icmp_ln20" val="1"/>
</and_exp></or_exp>
</condition>

<Node id="62" bw="1" op_0_bw="1" op_1_bw="1">
<![CDATA[
hls_label_0_begin:11  %or_ln23 = or i1 %icmp_ln23, %match_0

]]></Node>
<StgValue><ssdm name="or_ln23"/></StgValue>
</operation>

<operation id="48" st_id="2" stage="1" lat="1">
<core>NULL</core>
<MemPortIdVec></MemPortIdVec>
<condition id="-1">
<or_exp><and_exp><literal name="icmp_ln20" val="1"/>
</and_exp></or_exp>
</condition>

<Node id="63" bw="0" op_0_bw="1" op_1_bw="0" op_2_bw="0">
<![CDATA[
hls_label_0_begin:12  br i1 %or_ln23, label %2, label %3

]]></Node>
<StgValue><ssdm name="br_ln26"/></StgValue>
</operation>

<operation id="49" st_id="2" stage="1" lat="1">
<core>AddSub</core>
<MemPortIdVec></MemPortIdVec>
<condition id="-1">
<or_exp><and_exp><literal name="icmp_ln20" val="1"/>
<literal name="or_ln23" val="0"/>
</and_exp></or_exp>
</condition>

<Node id="65" bw="32" op_0_bw="32" op_1_bw="32">
<![CDATA[
:0  %i = add nsw i32 %i_0, -1

]]></Node>
<StgValue><ssdm name="i"/></StgValue>
</operation>

<operation id="50" st_id="2" stage="1" lat="1">
<core>NULL</core>
<MemPortIdVec></MemPortIdVec>
<condition id="-1">
<or_exp><and_exp><literal name="icmp_ln20" val="1"/>
<literal name="or_ln23" val="0"/>
</and_exp></or_exp>
</condition>

<Node id="66" bw="0" op_0_bw="0">
<![CDATA[
:1  br label %hls_label_0_end

]]></Node>
<StgValue><ssdm name="br_ln0"/></StgValue>
</operation>

<operation id="51" st_id="2" stage="1" lat="1">
<core>NULL</core>
<MemPortIdVec></MemPortIdVec>
<condition id="-1">
<or_exp><and_exp><literal name="icmp_ln20" val="1"/>
<literal name="or_ln23" val="1"/>
</and_exp></or_exp>
</condition>

<Node id="68" bw="32" op_0_bw="32" op_1_bw="0">
<![CDATA[
:0  %samples_1_load = load i32* %samples_1

]]></Node>
<StgValue><ssdm name="samples_1_load"/></StgValue>
</operation>

<operation id="52" st_id="2" stage="1" lat="1">
<core>Cmp</core>
<MemPortIdVec></MemPortIdVec>
<condition id="-1">
<or_exp><and_exp><literal name="icmp_ln20" val="1"/>
<literal name="or_ln23" val="1"/>
</and_exp></or_exp>
</condition>

<Node id="69" bw="1" op_0_bw="32" op_1_bw="32">
<![CDATA[
:1  %trace_temp_last_V = icmp eq i32 %samples_1_load, %add_ln27

]]></Node>
<StgValue><ssdm name="trace_temp_last_V"/></StgValue>
</operation>

<operation id="53" st_id="2" stage="1" lat="1">
<core>AddSub</core>
<MemPortIdVec></MemPortIdVec>
<condition id="-1">
<or_exp><and_exp><literal name="icmp_ln20" val="1"/>
<literal name="or_ln23" val="1"/>
</and_exp></or_exp>
</condition>

<Node id="71" bw="32" op_0_bw="32" op_1_bw="32">
<![CDATA[
:3  %samples = add nsw i32 %samples_1_load, 1

]]></Node>
<StgValue><ssdm name="samples"/></StgValue>
</operation>

<operation id="54" st_id="2" stage="1" lat="1">
<core>NULL</core>
<MemPortIdVec></MemPortIdVec>
<condition id="-1">
<or_exp><and_exp><literal name="icmp_ln20" val="1"/>
<literal name="or_ln23" val="1"/>
</and_exp></or_exp>
</condition>

<Node id="72" bw="0" op_0_bw="32" op_1_bw="32" op_2_bw="32" op_3_bw="0">
<![CDATA[
:4  store i32 %samples, i32* %samples_1

]]></Node>
<StgValue><ssdm name="store_ln30"/></StgValue>
</operation>

<operation id="55" st_id="2" stage="1" lat="1">
<core>NULL</core>
<MemPortIdVec></MemPortIdVec>
<condition id="-1">
<or_exp><and_exp><literal name="icmp_ln20" val="1"/>
<literal name="or_ln23" val="1"/>
</and_exp></or_exp>
</condition>

<Node id="73" bw="0" op_0_bw="0">
<![CDATA[
:5  br label %hls_label_0_end

]]></Node>
<StgValue><ssdm name="br_ln30"/></StgValue>
</operation>

<operation id="56" st_id="2" stage="1" lat="1">
<core>NULL</core>
<MemPortIdVec></MemPortIdVec>
<condition id="-1">
<or_exp><and_exp><literal name="icmp_ln20" val="1"/>
</and_exp></or_exp>
</condition>

<Node id="75" bw="32" op_0_bw="32" op_1_bw="0" op_2_bw="32" op_3_bw="0">
<![CDATA[
hls_label_0_end:0  %i_1 = phi i32 [ %i_0, %2 ], [ %i, %3 ]

]]></Node>
<StgValue><ssdm name="i_1"/></StgValue>
</operation>

<operation id="57" st_id="2" stage="1" lat="1">
<core>AddSub</core>
<MemPortIdVec></MemPortIdVec>
<condition id="-1">
<or_exp><and_exp><literal name="icmp_ln20" val="1"/>
</and_exp></or_exp>
</condition>

<Node id="77" bw="32" op_0_bw="32" op_1_bw="32">
<![CDATA[
hls_label_0_end:2  %i_2 = add nsw i32 %i_1, 1

]]></Node>
<StgValue><ssdm name="i_2"/></StgValue>
</operation>
</state>

<state id="3" st_id="3">

<operation id="58" st_id="3" stage="2" lat="2">
<core>AXI4Stream</core>
<MemPortIdVec></MemPortIdVec>
<condition id="-1">
<or_exp><and_exp><literal name="icmp_ln20" val="1"/>
<literal name="or_ln23" val="1"/>
</and_exp></or_exp>
</condition>

<Node id="70" bw="0" op_0_bw="0" op_1_bw="32" op_2_bw="4" op_3_bw="4" op_4_bw="1" op_5_bw="1" op_6_bw="1" op_7_bw="1" op_8_bw="32" op_9_bw="4" op_10_bw="4" op_11_bw="1" op_12_bw="1" op_13_bw="1" op_14_bw="1">
<![CDATA[
:2  call void @_ssdm_op_Write.axis.volatile.i32P.i4P.i4P.i1P.i1P.i1P.i1P(i32* %capture_32_data_V, i4* %capture_32_keep_V, i4* %capture_32_strb_V, i1* %capture_32_user_V, i1* %capture_32_last_V, i1* %capture_32_id_V, i1* %capture_32_dest_V, i32 %trace_temp_data_V, i4 %trace_temp_keep_V, i4 %trace_temp_strb_V, i1 %trace_temp_user_V, i1 %trace_temp_last_V, i1 %trace_temp_id_V, i1 %trace_temp_dest_V)

]]></Node>
<StgValue><ssdm name="write_ln7"/></StgValue>
</operation>
</state>

<state id="4" st_id="4">

<operation id="59" st_id="4" stage="1" lat="1">
<core>NULL</core>
<MemPortIdVec></MemPortIdVec>
<condition id="-1">
<or_exp><and_exp><literal name="icmp_ln20" val="1"/>
</and_exp></or_exp>
</condition>

<Node id="51" bw="32" op_0_bw="32" op_1_bw="0">
<![CDATA[
hls_label_0_begin:0  %tmp = call i32 (...)* @_ssdm_op_SpecRegionBegin([12 x i8]* @p_str5)

]]></Node>
<StgValue><ssdm name="tmp"/></StgValue>
</operation>

<operation id="60" st_id="4" stage="1" lat="1">
<core>NULL</core>
<MemPortIdVec></MemPortIdVec>
<condition id="-1">
<or_exp><and_exp><literal name="icmp_ln20" val="1"/>
</and_exp></or_exp>
</condition>

<Node id="52" bw="0" op_0_bw="0" op_1_bw="32" op_2_bw="32" op_3_bw="32" op_4_bw="32" op_5_bw="0">
<![CDATA[
hls_label_0_begin:1  call void (...)* @_ssdm_op_SpecPipeline(i32 -1, i32 1, i32 1, i32 0, [1 x i8]* @p_str2) nounwind

]]></Node>
<StgValue><ssdm name="specpipeline_ln21"/></StgValue>
</operation>

<operation id="61" st_id="4" stage="1" lat="2">
<core>AXI4Stream</core>
<MemPortIdVec></MemPortIdVec>
<condition id="-1">
<or_exp><and_exp><literal name="icmp_ln20" val="1"/>
<literal name="or_ln23" val="1"/>
</and_exp></or_exp>
</condition>

<Node id="70" bw="0" op_0_bw="0" op_1_bw="32" op_2_bw="4" op_3_bw="4" op_4_bw="1" op_5_bw="1" op_6_bw="1" op_7_bw="1" op_8_bw="32" op_9_bw="4" op_10_bw="4" op_11_bw="1" op_12_bw="1" op_13_bw="1" op_14_bw="1">
<![CDATA[
:2  call void @_ssdm_op_Write.axis.volatile.i32P.i4P.i4P.i1P.i1P.i1P.i1P(i32* %capture_32_data_V, i4* %capture_32_keep_V, i4* %capture_32_strb_V, i1* %capture_32_user_V, i1* %capture_32_last_V, i1* %capture_32_id_V, i1* %capture_32_dest_V, i32 %trace_temp_data_V, i4 %trace_temp_keep_V, i4 %trace_temp_strb_V, i1 %trace_temp_user_V, i1 %trace_temp_last_V, i1 %trace_temp_id_V, i1 %trace_temp_dest_V)

]]></Node>
<StgValue><ssdm name="write_ln7"/></StgValue>
</operation>

<operation id="62" st_id="4" stage="1" lat="1">
<core>NULL</core>
<MemPortIdVec></MemPortIdVec>
<condition id="-1">
<or_exp><and_exp><literal name="icmp_ln20" val="1"/>
</and_exp></or_exp>
</condition>

<Node id="76" bw="32" op_0_bw="32" op_1_bw="0" op_2_bw="32">
<![CDATA[
hls_label_0_end:1  %empty_3 = call i32 (...)* @_ssdm_op_SpecRegionEnd([12 x i8]* @p_str5, i32 %tmp)

]]></Node>
<StgValue><ssdm name="empty_3"/></StgValue>
</operation>

<operation id="63" st_id="4" stage="1" lat="1">
<core>NULL</core>
<MemPortIdVec></MemPortIdVec>
<condition id="-1">
<or_exp><and_exp><literal name="icmp_ln20" val="1"/>
</and_exp></or_exp>
</condition>

<Node id="78" bw="0" op_0_bw="0">
<![CDATA[
hls_label_0_end:3  br label %1

]]></Node>
<StgValue><ssdm name="br_ln20"/></StgValue>
</operation>
</state>

<state id="5" st_id="5">

<operation id="64" st_id="5" stage="1" lat="1">
<core>NULL</core>
<MemPortIdVec></MemPortIdVec>
<condition id="-1">
<or_exp><and_exp></and_exp></or_exp>
</condition>

<Node id="80" bw="0">
<![CDATA[
:0  ret void

]]></Node>
<StgValue><ssdm name="ret_ln34"/></StgValue>
</operation>
</state>
</state_list>


<ports>
<port id="81" name="trace_32_data_V" dir="0" iftype="0">
<core>NULL</core><StgValue><ssdm name="trace_32_data_V"/></StgValue>
</port>
<port id="82" name="trace_32_keep_V" dir="0" iftype="0">
<core>NULL</core><StgValue><ssdm name="trace_32_keep_V"/></StgValue>
</port>
<port id="83" name="trace_32_strb_V" dir="0" iftype="0">
<core>NULL</core><StgValue><ssdm name="trace_32_strb_V"/></StgValue>
</port>
<port id="84" name="trace_32_user_V" dir="0" iftype="0">
<core>NULL</core><StgValue><ssdm name="trace_32_user_V"/></StgValue>
</port>
<port id="85" name="trace_32_last_V" dir="0" iftype="0">
<core>NULL</core><StgValue><ssdm name="trace_32_last_V"/></StgValue>
</port>
<port id="86" name="trace_32_id_V" dir="0" iftype="0">
<core>NULL</core><StgValue><ssdm name="trace_32_id_V"/></StgValue>
</port>
<port id="87" name="trace_32_dest_V" dir="0" iftype="0">
<core>NULL</core><StgValue><ssdm name="trace_32_dest_V"/></StgValue>
</port>
<port id="88" name="capture_32_data_V" dir="1" iftype="0">
<core>NULL</core><StgValue><ssdm name="capture_32_data_V"/></StgValue>
</port>
<port id="89" name="capture_32_keep_V" dir="1" iftype="0">
<core>NULL</core><StgValue><ssdm name="capture_32_keep_V"/></StgValue>
</port>
<port id="90" name="capture_32_strb_V" dir="1" iftype="0">
<core>NULL</core><StgValue><ssdm name="capture_32_strb_V"/></StgValue>
</port>
<port id="91" name="capture_32_user_V" dir="1" iftype="0">
<core>NULL</core><StgValue><ssdm name="capture_32_user_V"/></StgValue>
</port>
<port id="92" name="capture_32_last_V" dir="1" iftype="0">
<core>NULL</core><StgValue><ssdm name="capture_32_last_V"/></StgValue>
</port>
<port id="93" name="capture_32_id_V" dir="1" iftype="0">
<core>NULL</core><StgValue><ssdm name="capture_32_id_V"/></StgValue>
</port>
<port id="94" name="capture_32_dest_V" dir="1" iftype="0">
<core>NULL</core><StgValue><ssdm name="capture_32_dest_V"/></StgValue>
</port>
<port id="95" name="trigger_V" dir="0" iftype="0">
<core>NULL</core><StgValue><ssdm name="trigger_V"/></StgValue>
</port>
<port id="96" name="length_r" dir="0" iftype="0">
<core>NULL</core><StgValue><ssdm name="length_r"/></StgValue>
</port>
</ports>


<dataflows>
<dataflow id="98" from="StgValue_97" to="samples_1" fromId="97" toId="6">
</dataflow>
<dataflow id="100" from="_ssdm_op_Read.s_axilite.i32" to="length_read" fromId="99" toId="7">
</dataflow>
<dataflow id="101" from="length_r" to="length_read" fromId="96" toId="7">
</dataflow>
<dataflow id="102" from="_ssdm_op_Read.s_axilite.i32" to="trigger_V_read" fromId="99" toId="8">
</dataflow>
<dataflow id="103" from="trigger_V" to="trigger_V_read" fromId="95" toId="8">
</dataflow>
<dataflow id="105" from="_ssdm_op_SpecBitsMap" to="specbitsmap_ln0" fromId="104" toId="9">
</dataflow>
<dataflow id="106" from="trace_32_data_V" to="specbitsmap_ln0" fromId="81" toId="9">
</dataflow>
<dataflow id="107" from="_ssdm_op_SpecBitsMap" to="specbitsmap_ln0" fromId="104" toId="10">
</dataflow>
<dataflow id="108" from="trace_32_keep_V" to="specbitsmap_ln0" fromId="82" toId="10">
</dataflow>
<dataflow id="109" from="_ssdm_op_SpecBitsMap" to="specbitsmap_ln0" fromId="104" toId="11">
</dataflow>
<dataflow id="110" from="trace_32_strb_V" to="specbitsmap_ln0" fromId="83" toId="11">
</dataflow>
<dataflow id="111" from="_ssdm_op_SpecBitsMap" to="specbitsmap_ln0" fromId="104" toId="12">
</dataflow>
<dataflow id="112" from="trace_32_user_V" to="specbitsmap_ln0" fromId="84" toId="12">
</dataflow>
<dataflow id="113" from="_ssdm_op_SpecBitsMap" to="specbitsmap_ln0" fromId="104" toId="13">
</dataflow>
<dataflow id="114" from="trace_32_last_V" to="specbitsmap_ln0" fromId="85" toId="13">
</dataflow>
<dataflow id="115" from="_ssdm_op_SpecBitsMap" to="specbitsmap_ln0" fromId="104" toId="14">
</dataflow>
<dataflow id="116" from="trace_32_id_V" to="specbitsmap_ln0" fromId="86" toId="14">
</dataflow>
<dataflow id="117" from="_ssdm_op_SpecBitsMap" to="specbitsmap_ln0" fromId="104" toId="15">
</dataflow>
<dataflow id="118" from="trace_32_dest_V" to="specbitsmap_ln0" fromId="87" toId="15">
</dataflow>
<dataflow id="119" from="_ssdm_op_SpecBitsMap" to="specbitsmap_ln0" fromId="104" toId="16">
</dataflow>
<dataflow id="120" from="capture_32_data_V" to="specbitsmap_ln0" fromId="88" toId="16">
</dataflow>
<dataflow id="121" from="_ssdm_op_SpecBitsMap" to="specbitsmap_ln0" fromId="104" toId="17">
</dataflow>
<dataflow id="122" from="capture_32_keep_V" to="specbitsmap_ln0" fromId="89" toId="17">
</dataflow>
<dataflow id="123" from="_ssdm_op_SpecBitsMap" to="specbitsmap_ln0" fromId="104" toId="18">
</dataflow>
<dataflow id="124" from="capture_32_strb_V" to="specbitsmap_ln0" fromId="90" toId="18">
</dataflow>
<dataflow id="125" from="_ssdm_op_SpecBitsMap" to="specbitsmap_ln0" fromId="104" toId="19">
</dataflow>
<dataflow id="126" from="capture_32_user_V" to="specbitsmap_ln0" fromId="91" toId="19">
</dataflow>
<dataflow id="127" from="_ssdm_op_SpecBitsMap" to="specbitsmap_ln0" fromId="104" toId="20">
</dataflow>
<dataflow id="128" from="capture_32_last_V" to="specbitsmap_ln0" fromId="92" toId="20">
</dataflow>
<dataflow id="129" from="_ssdm_op_SpecBitsMap" to="specbitsmap_ln0" fromId="104" toId="21">
</dataflow>
<dataflow id="130" from="capture_32_id_V" to="specbitsmap_ln0" fromId="93" toId="21">
</dataflow>
<dataflow id="131" from="_ssdm_op_SpecBitsMap" to="specbitsmap_ln0" fromId="104" toId="22">
</dataflow>
<dataflow id="132" from="capture_32_dest_V" to="specbitsmap_ln0" fromId="94" toId="22">
</dataflow>
<dataflow id="133" from="_ssdm_op_SpecBitsMap" to="specbitsmap_ln0" fromId="104" toId="23">
</dataflow>
<dataflow id="134" from="trigger_V" to="specbitsmap_ln0" fromId="95" toId="23">
</dataflow>
<dataflow id="135" from="_ssdm_op_SpecBitsMap" to="specbitsmap_ln0" fromId="104" toId="24">
</dataflow>
<dataflow id="136" from="length_r" to="specbitsmap_ln0" fromId="96" toId="24">
</dataflow>
<dataflow id="138" from="_ssdm_op_SpecTopModule" to="spectopmodule_ln0" fromId="137" toId="25">
</dataflow>
<dataflow id="140" from="trace_cntrl_32_str" to="spectopmodule_ln0" fromId="139" toId="25">
</dataflow>
<dataflow id="142" from="_ssdm_op_SpecInterface" to="specinterface_ln9" fromId="141" toId="26">
</dataflow>
<dataflow id="143" from="trace_32_data_V" to="specinterface_ln9" fromId="81" toId="26">
</dataflow>
<dataflow id="144" from="trace_32_keep_V" to="specinterface_ln9" fromId="82" toId="26">
</dataflow>
<dataflow id="145" from="trace_32_strb_V" to="specinterface_ln9" fromId="83" toId="26">
</dataflow>
<dataflow id="146" from="trace_32_user_V" to="specinterface_ln9" fromId="84" toId="26">
</dataflow>
<dataflow id="147" from="trace_32_last_V" to="specinterface_ln9" fromId="85" toId="26">
</dataflow>
<dataflow id="148" from="trace_32_id_V" to="specinterface_ln9" fromId="86" toId="26">
</dataflow>
<dataflow id="149" from="trace_32_dest_V" to="specinterface_ln9" fromId="87" toId="26">
</dataflow>
<dataflow id="151" from="p_str" to="specinterface_ln9" fromId="150" toId="26">
</dataflow>
<dataflow id="152" from="StgValue_97" to="specinterface_ln9" fromId="97" toId="26">
</dataflow>
<dataflow id="153" from="StgValue_97" to="specinterface_ln9" fromId="97" toId="26">
</dataflow>
<dataflow id="155" from="p_str1" to="specinterface_ln9" fromId="154" toId="26">
</dataflow>
<dataflow id="157" from="StgValue_156" to="specinterface_ln9" fromId="156" toId="26">
</dataflow>
<dataflow id="159" from="StgValue_158" to="specinterface_ln9" fromId="158" toId="26">
</dataflow>
<dataflow id="161" from="p_str2" to="specinterface_ln9" fromId="160" toId="26">
</dataflow>
<dataflow id="162" from="p_str2" to="specinterface_ln9" fromId="160" toId="26">
</dataflow>
<dataflow id="163" from="p_str2" to="specinterface_ln9" fromId="160" toId="26">
</dataflow>
<dataflow id="164" from="StgValue_156" to="specinterface_ln9" fromId="156" toId="26">
</dataflow>
<dataflow id="165" from="StgValue_156" to="specinterface_ln9" fromId="156" toId="26">
</dataflow>
<dataflow id="166" from="StgValue_156" to="specinterface_ln9" fromId="156" toId="26">
</dataflow>
<dataflow id="167" from="StgValue_156" to="specinterface_ln9" fromId="156" toId="26">
</dataflow>
<dataflow id="168" from="p_str2" to="specinterface_ln9" fromId="160" toId="26">
</dataflow>
<dataflow id="169" from="p_str2" to="specinterface_ln9" fromId="160" toId="26">
</dataflow>
<dataflow id="170" from="_ssdm_op_SpecInterface" to="specinterface_ln10" fromId="141" toId="27">
</dataflow>
<dataflow id="171" from="capture_32_data_V" to="specinterface_ln10" fromId="88" toId="27">
</dataflow>
<dataflow id="172" from="capture_32_keep_V" to="specinterface_ln10" fromId="89" toId="27">
</dataflow>
<dataflow id="173" from="capture_32_strb_V" to="specinterface_ln10" fromId="90" toId="27">
</dataflow>
<dataflow id="174" from="capture_32_user_V" to="specinterface_ln10" fromId="91" toId="27">
</dataflow>
<dataflow id="175" from="capture_32_last_V" to="specinterface_ln10" fromId="92" toId="27">
</dataflow>
<dataflow id="176" from="capture_32_id_V" to="specinterface_ln10" fromId="93" toId="27">
</dataflow>
<dataflow id="177" from="capture_32_dest_V" to="specinterface_ln10" fromId="94" toId="27">
</dataflow>
<dataflow id="178" from="p_str" to="specinterface_ln10" fromId="150" toId="27">
</dataflow>
<dataflow id="179" from="StgValue_97" to="specinterface_ln10" fromId="97" toId="27">
</dataflow>
<dataflow id="180" from="StgValue_97" to="specinterface_ln10" fromId="97" toId="27">
</dataflow>
<dataflow id="181" from="p_str1" to="specinterface_ln10" fromId="154" toId="27">
</dataflow>
<dataflow id="182" from="StgValue_156" to="specinterface_ln10" fromId="156" toId="27">
</dataflow>
<dataflow id="183" from="StgValue_158" to="specinterface_ln10" fromId="158" toId="27">
</dataflow>
<dataflow id="184" from="p_str2" to="specinterface_ln10" fromId="160" toId="27">
</dataflow>
<dataflow id="185" from="p_str2" to="specinterface_ln10" fromId="160" toId="27">
</dataflow>
<dataflow id="186" from="p_str2" to="specinterface_ln10" fromId="160" toId="27">
</dataflow>
<dataflow id="187" from="StgValue_156" to="specinterface_ln10" fromId="156" toId="27">
</dataflow>
<dataflow id="188" from="StgValue_156" to="specinterface_ln10" fromId="156" toId="27">
</dataflow>
<dataflow id="189" from="StgValue_156" to="specinterface_ln10" fromId="156" toId="27">
</dataflow>
<dataflow id="190" from="StgValue_156" to="specinterface_ln10" fromId="156" toId="27">
</dataflow>
<dataflow id="191" from="p_str2" to="specinterface_ln10" fromId="160" toId="27">
</dataflow>
<dataflow id="192" from="p_str2" to="specinterface_ln10" fromId="160" toId="27">
</dataflow>
<dataflow id="193" from="_ssdm_op_SpecInterface" to="specinterface_ln11" fromId="141" toId="28">
</dataflow>
<dataflow id="194" from="trigger_V" to="specinterface_ln11" fromId="95" toId="28">
</dataflow>
<dataflow id="196" from="p_str3" to="specinterface_ln11" fromId="195" toId="28">
</dataflow>
<dataflow id="197" from="StgValue_156" to="specinterface_ln11" fromId="156" toId="28">
</dataflow>
<dataflow id="198" from="StgValue_156" to="specinterface_ln11" fromId="156" toId="28">
</dataflow>
<dataflow id="199" from="p_str2" to="specinterface_ln11" fromId="160" toId="28">
</dataflow>
<dataflow id="200" from="StgValue_156" to="specinterface_ln11" fromId="156" toId="28">
</dataflow>
<dataflow id="201" from="StgValue_156" to="specinterface_ln11" fromId="156" toId="28">
</dataflow>
<dataflow id="203" from="p_str4" to="specinterface_ln11" fromId="202" toId="28">
</dataflow>
<dataflow id="204" from="p_str2" to="specinterface_ln11" fromId="160" toId="28">
</dataflow>
<dataflow id="205" from="p_str2" to="specinterface_ln11" fromId="160" toId="28">
</dataflow>
<dataflow id="206" from="StgValue_156" to="specinterface_ln11" fromId="156" toId="28">
</dataflow>
<dataflow id="207" from="StgValue_156" to="specinterface_ln11" fromId="156" toId="28">
</dataflow>
<dataflow id="208" from="StgValue_156" to="specinterface_ln11" fromId="156" toId="28">
</dataflow>
<dataflow id="209" from="StgValue_156" to="specinterface_ln11" fromId="156" toId="28">
</dataflow>
<dataflow id="210" from="p_str2" to="specinterface_ln11" fromId="160" toId="28">
</dataflow>
<dataflow id="211" from="p_str2" to="specinterface_ln11" fromId="160" toId="28">
</dataflow>
<dataflow id="212" from="_ssdm_op_SpecInterface" to="specinterface_ln12" fromId="141" toId="29">
</dataflow>
<dataflow id="213" from="length_r" to="specinterface_ln12" fromId="96" toId="29">
</dataflow>
<dataflow id="214" from="p_str3" to="specinterface_ln12" fromId="195" toId="29">
</dataflow>
<dataflow id="215" from="StgValue_156" to="specinterface_ln12" fromId="156" toId="29">
</dataflow>
<dataflow id="216" from="StgValue_156" to="specinterface_ln12" fromId="156" toId="29">
</dataflow>
<dataflow id="217" from="p_str2" to="specinterface_ln12" fromId="160" toId="29">
</dataflow>
<dataflow id="218" from="StgValue_156" to="specinterface_ln12" fromId="156" toId="29">
</dataflow>
<dataflow id="219" from="StgValue_156" to="specinterface_ln12" fromId="156" toId="29">
</dataflow>
<dataflow id="220" from="p_str4" to="specinterface_ln12" fromId="202" toId="29">
</dataflow>
<dataflow id="221" from="p_str2" to="specinterface_ln12" fromId="160" toId="29">
</dataflow>
<dataflow id="222" from="p_str2" to="specinterface_ln12" fromId="160" toId="29">
</dataflow>
<dataflow id="223" from="StgValue_156" to="specinterface_ln12" fromId="156" toId="29">
</dataflow>
<dataflow id="224" from="StgValue_156" to="specinterface_ln12" fromId="156" toId="29">
</dataflow>
<dataflow id="225" from="StgValue_156" to="specinterface_ln12" fromId="156" toId="29">
</dataflow>
<dataflow id="226" from="StgValue_156" to="specinterface_ln12" fromId="156" toId="29">
</dataflow>
<dataflow id="227" from="p_str2" to="specinterface_ln12" fromId="160" toId="29">
</dataflow>
<dataflow id="228" from="p_str2" to="specinterface_ln12" fromId="160" toId="29">
</dataflow>
<dataflow id="229" from="_ssdm_op_SpecInterface" to="specinterface_ln13" fromId="141" toId="30">
</dataflow>
<dataflow id="230" from="StgValue_156" to="specinterface_ln13" fromId="156" toId="30">
</dataflow>
<dataflow id="231" from="p_str3" to="specinterface_ln13" fromId="195" toId="30">
</dataflow>
<dataflow id="232" from="StgValue_156" to="specinterface_ln13" fromId="156" toId="30">
</dataflow>
<dataflow id="233" from="StgValue_156" to="specinterface_ln13" fromId="156" toId="30">
</dataflow>
<dataflow id="234" from="p_str2" to="specinterface_ln13" fromId="160" toId="30">
</dataflow>
<dataflow id="235" from="StgValue_156" to="specinterface_ln13" fromId="156" toId="30">
</dataflow>
<dataflow id="236" from="StgValue_156" to="specinterface_ln13" fromId="156" toId="30">
</dataflow>
<dataflow id="237" from="p_str4" to="specinterface_ln13" fromId="202" toId="30">
</dataflow>
<dataflow id="238" from="p_str2" to="specinterface_ln13" fromId="160" toId="30">
</dataflow>
<dataflow id="239" from="p_str2" to="specinterface_ln13" fromId="160" toId="30">
</dataflow>
<dataflow id="240" from="StgValue_156" to="specinterface_ln13" fromId="156" toId="30">
</dataflow>
<dataflow id="241" from="StgValue_156" to="specinterface_ln13" fromId="156" toId="30">
</dataflow>
<dataflow id="242" from="StgValue_156" to="specinterface_ln13" fromId="156" toId="30">
</dataflow>
<dataflow id="243" from="StgValue_156" to="specinterface_ln13" fromId="156" toId="30">
</dataflow>
<dataflow id="244" from="p_str2" to="specinterface_ln13" fromId="160" toId="30">
</dataflow>
<dataflow id="245" from="p_str2" to="specinterface_ln13" fromId="160" toId="30">
</dataflow>
<dataflow id="246" from="length_read" to="add_ln27" fromId="7" toId="31">
</dataflow>
<dataflow id="248" from="StgValue_247" to="add_ln27" fromId="247" toId="31">
</dataflow>
<dataflow id="249" from="StgValue_156" to="store_ln20" fromId="156" toId="32">
</dataflow>
<dataflow id="250" from="samples_1" to="store_ln20" fromId="6" toId="32">
</dataflow>
<dataflow id="252" from="StgValue_251" to="match_0" fromId="251" toId="34">
<condition id="-1">
<or_exp><and_exp></and_exp></or_exp>
</condition>
</dataflow>
<dataflow id="253" from="br_ln20" to="match_0" fromId="33" toId="34">
</dataflow>
<dataflow id="254" from="or_ln23" to="match_0" fromId="47" toId="34">
<BackEdge/>
<condition id="-1">
<or_exp><and_exp><literal name="icmp_ln20" val="1"/>
</and_exp></or_exp>
</condition>
</dataflow>
<dataflow id="255" from="br_ln20" to="match_0" fromId="63" toId="34">
<BackEdge/>
</dataflow>
<dataflow id="256" from="StgValue_156" to="i_0" fromId="156" toId="35">
<condition id="-1">
<or_exp><and_exp></and_exp></or_exp>
</condition>
</dataflow>
<dataflow id="257" from="br_ln20" to="i_0" fromId="33" toId="35">
</dataflow>
<dataflow id="258" from="i_2" to="i_0" fromId="57" toId="35">
<BackEdge/>
<condition id="-1">
<or_exp><and_exp><literal name="icmp_ln20" val="1"/>
</and_exp></or_exp>
</condition>
</dataflow>
<dataflow id="259" from="br_ln20" to="i_0" fromId="63" toId="35">
<BackEdge/>
</dataflow>
<dataflow id="260" from="i_0" to="icmp_ln20" fromId="35" toId="36">
</dataflow>
<dataflow id="261" from="length_read" to="icmp_ln20" fromId="7" toId="36">
</dataflow>
<dataflow id="262" from="icmp_ln20" to="br_ln20" fromId="36" toId="37">
</dataflow>
<dataflow id="264" from="_ssdm_op_Read.axis.volatile.i32P.i4P.i4P.i1P.i1P.i1P.i1P" to="empty" fromId="263" toId="38">
</dataflow>
<dataflow id="265" from="trace_32_data_V" to="empty" fromId="81" toId="38">
</dataflow>
<dataflow id="266" from="trace_32_keep_V" to="empty" fromId="82" toId="38">
</dataflow>
<dataflow id="267" from="trace_32_strb_V" to="empty" fromId="83" toId="38">
</dataflow>
<dataflow id="268" from="trace_32_user_V" to="empty" fromId="84" toId="38">
</dataflow>
<dataflow id="269" from="trace_32_last_V" to="empty" fromId="85" toId="38">
</dataflow>
<dataflow id="270" from="trace_32_id_V" to="empty" fromId="86" toId="38">
</dataflow>
<dataflow id="271" from="trace_32_dest_V" to="empty" fromId="87" toId="38">
</dataflow>
<dataflow id="272" from="empty" to="trace_temp_data_V" fromId="38" toId="39">
</dataflow>
<dataflow id="273" from="empty" to="trace_temp_keep_V" fromId="38" toId="40">
</dataflow>
<dataflow id="274" from="empty" to="trace_temp_strb_V" fromId="38" toId="41">
</dataflow>
<dataflow id="275" from="empty" to="trace_temp_user_V" fromId="38" toId="42">
</dataflow>
<dataflow id="276" from="empty" to="trace_temp_id_V" fromId="38" toId="43">
</dataflow>
<dataflow id="277" from="empty" to="trace_temp_dest_V" fromId="38" toId="44">
</dataflow>
<dataflow id="278" from="trace_temp_data_V" to="and_ln23" fromId="39" toId="45">
</dataflow>
<dataflow id="279" from="trigger_V_read" to="and_ln23" fromId="8" toId="45">
</dataflow>
<dataflow id="280" from="and_ln23" to="icmp_ln23" fromId="45" toId="46">
</dataflow>
<dataflow id="281" from="trigger_V_read" to="icmp_ln23" fromId="8" toId="46">
</dataflow>
<dataflow id="282" from="icmp_ln23" to="or_ln23" fromId="46" toId="47">
</dataflow>
<dataflow id="283" from="match_0" to="or_ln23" fromId="34" toId="47">
</dataflow>
<dataflow id="284" from="or_ln23" to="br_ln26" fromId="47" toId="48">
</dataflow>
<dataflow id="285" from="i_0" to="i" fromId="35" toId="49">
</dataflow>
<dataflow id="286" from="StgValue_247" to="i" fromId="247" toId="49">
</dataflow>
<dataflow id="287" from="samples_1" to="samples_1_load" fromId="6" toId="51">
</dataflow>
<dataflow id="288" from="samples_1_load" to="trace_temp_last_V" fromId="51" toId="52">
</dataflow>
<dataflow id="289" from="add_ln27" to="trace_temp_last_V" fromId="31" toId="52">
</dataflow>
<dataflow id="290" from="samples_1_load" to="samples" fromId="51" toId="53">
</dataflow>
<dataflow id="291" from="StgValue_97" to="samples" fromId="97" toId="53">
</dataflow>
<dataflow id="292" from="samples" to="store_ln30" fromId="53" toId="54">
</dataflow>
<dataflow id="293" from="samples_1" to="store_ln30" fromId="6" toId="54">
</dataflow>
<dataflow id="294" from="i_0" to="i_1" fromId="35" toId="56">
<condition id="-1">
<or_exp><and_exp><literal name="icmp_ln20" val="1"/>
<literal name="or_ln23" val="1"/>
</and_exp></or_exp>
</condition>
</dataflow>
<dataflow id="295" from="br_ln30" to="i_1" fromId="55" toId="56">
</dataflow>
<dataflow id="296" from="i" to="i_1" fromId="49" toId="56">
<condition id="-1">
<or_exp><and_exp><literal name="icmp_ln20" val="1"/>
<literal name="or_ln23" val="0"/>
</and_exp></or_exp>
</condition>
</dataflow>
<dataflow id="297" from="br_ln0" to="i_1" fromId="50" toId="56">
</dataflow>
<dataflow id="298" from="i_1" to="i_2" fromId="56" toId="57">
</dataflow>
<dataflow id="299" from="StgValue_97" to="i_2" fromId="97" toId="57">
</dataflow>
<dataflow id="301" from="_ssdm_op_Write.axis.volatile.i32P.i4P.i4P.i1P.i1P.i1P.i1P" to="write_ln7" fromId="300" toId="58">
</dataflow>
<dataflow id="302" from="capture_32_data_V" to="write_ln7" fromId="88" toId="58">
</dataflow>
<dataflow id="303" from="capture_32_keep_V" to="write_ln7" fromId="89" toId="58">
</dataflow>
<dataflow id="304" from="capture_32_strb_V" to="write_ln7" fromId="90" toId="58">
</dataflow>
<dataflow id="305" from="capture_32_user_V" to="write_ln7" fromId="91" toId="58">
</dataflow>
<dataflow id="306" from="capture_32_last_V" to="write_ln7" fromId="92" toId="58">
</dataflow>
<dataflow id="307" from="capture_32_id_V" to="write_ln7" fromId="93" toId="58">
</dataflow>
<dataflow id="308" from="capture_32_dest_V" to="write_ln7" fromId="94" toId="58">
</dataflow>
<dataflow id="309" from="trace_temp_data_V" to="write_ln7" fromId="39" toId="58">
</dataflow>
<dataflow id="310" from="trace_temp_keep_V" to="write_ln7" fromId="40" toId="58">
</dataflow>
<dataflow id="311" from="trace_temp_strb_V" to="write_ln7" fromId="41" toId="58">
</dataflow>
<dataflow id="312" from="trace_temp_user_V" to="write_ln7" fromId="42" toId="58">
</dataflow>
<dataflow id="313" from="trace_temp_last_V" to="write_ln7" fromId="52" toId="58">
</dataflow>
<dataflow id="314" from="trace_temp_id_V" to="write_ln7" fromId="43" toId="58">
</dataflow>
<dataflow id="315" from="trace_temp_dest_V" to="write_ln7" fromId="44" toId="58">
</dataflow>
<dataflow id="317" from="_ssdm_op_SpecRegionBegin" to="tmp" fromId="316" toId="59">
</dataflow>
<dataflow id="319" from="p_str5" to="tmp" fromId="318" toId="59">
</dataflow>
<dataflow id="321" from="_ssdm_op_SpecPipeline" to="specpipeline_ln21" fromId="320" toId="60">
</dataflow>
<dataflow id="322" from="StgValue_247" to="specpipeline_ln21" fromId="247" toId="60">
</dataflow>
<dataflow id="323" from="StgValue_97" to="specpipeline_ln21" fromId="97" toId="60">
</dataflow>
<dataflow id="324" from="StgValue_97" to="specpipeline_ln21" fromId="97" toId="60">
</dataflow>
<dataflow id="325" from="StgValue_156" to="specpipeline_ln21" fromId="156" toId="60">
</dataflow>
<dataflow id="326" from="p_str2" to="specpipeline_ln21" fromId="160" toId="60">
</dataflow>
<dataflow id="327" from="_ssdm_op_Write.axis.volatile.i32P.i4P.i4P.i1P.i1P.i1P.i1P" to="write_ln7" fromId="300" toId="61">
</dataflow>
<dataflow id="328" from="capture_32_data_V" to="write_ln7" fromId="88" toId="61">
</dataflow>
<dataflow id="329" from="capture_32_keep_V" to="write_ln7" fromId="89" toId="61">
</dataflow>
<dataflow id="330" from="capture_32_strb_V" to="write_ln7" fromId="90" toId="61">
</dataflow>
<dataflow id="331" from="capture_32_user_V" to="write_ln7" fromId="91" toId="61">
</dataflow>
<dataflow id="332" from="capture_32_last_V" to="write_ln7" fromId="92" toId="61">
</dataflow>
<dataflow id="333" from="capture_32_id_V" to="write_ln7" fromId="93" toId="61">
</dataflow>
<dataflow id="334" from="capture_32_dest_V" to="write_ln7" fromId="94" toId="61">
</dataflow>
<dataflow id="335" from="trace_temp_data_V" to="write_ln7" fromId="39" toId="61">
</dataflow>
<dataflow id="336" from="trace_temp_keep_V" to="write_ln7" fromId="40" toId="61">
</dataflow>
<dataflow id="337" from="trace_temp_strb_V" to="write_ln7" fromId="41" toId="61">
</dataflow>
<dataflow id="338" from="trace_temp_user_V" to="write_ln7" fromId="42" toId="61">
</dataflow>
<dataflow id="339" from="trace_temp_last_V" to="write_ln7" fromId="52" toId="61">
</dataflow>
<dataflow id="340" from="trace_temp_id_V" to="write_ln7" fromId="43" toId="61">
</dataflow>
<dataflow id="341" from="trace_temp_dest_V" to="write_ln7" fromId="44" toId="61">
</dataflow>
<dataflow id="343" from="_ssdm_op_SpecRegionEnd" to="empty_3" fromId="342" toId="62">
</dataflow>
<dataflow id="344" from="p_str5" to="empty_3" fromId="318" toId="62">
</dataflow>
<dataflow id="345" from="tmp" to="empty_3" fromId="59" toId="62">
</dataflow>
<dataflow id="346" from="icmp_ln20" to="StgValue_2" fromId="36" toId="2">
</dataflow>
<dataflow id="347" from="or_ln23" to="StgValue_2" fromId="47" toId="2">
</dataflow>
<dataflow id="348" from="icmp_ln20" to="StgValue_3" fromId="36" toId="3">
</dataflow>
<dataflow id="349" from="or_ln23" to="StgValue_3" fromId="47" toId="3">
</dataflow>
<dataflow id="350" from="icmp_ln20" to="StgValue_4" fromId="36" toId="4">
</dataflow>
<dataflow id="351" from="or_ln23" to="StgValue_4" fromId="47" toId="4">
</dataflow>
</dataflows>


</stg>
