<stg><name>trace_cntrl_32</name>


<trans_list>

<trans id="65" from="1" to="2">
<condition id="-1">
<or_exp><and_exp></and_exp></or_exp>
</condition>
</trans>

<trans id="79" from="2" to="5">
<condition id="-1">
<or_exp><and_exp><literal name="icmp_ln20" val="0"/>
</and_exp></or_exp>
</condition>
</trans>

<trans id="80" from="2" to="3">
<condition id="-1">
<or_exp><and_exp><literal name="icmp_ln20" val="1"/>
</and_exp></or_exp>
</condition>
</trans>

<trans id="77" from="3" to="4">
<condition id="-1">
<or_exp><and_exp></and_exp></or_exp>
</condition>
</trans>

<trans id="78" from="4" to="2">
<condition id="-1">
<or_exp><and_exp></and_exp></or_exp>
</condition>
</trans>
</trans_list>



<state_list>

<state id="1" st_id="1">

<operation id="6" st_id="1" stage="1" lat="1">
<core>NULL</core>
<MemPortIdVec></MemPortIdVec>
<condition id="-1">
<or_exp><and_exp></and_exp></or_exp>
</condition>

<Node id="17" bw="32" op_0_bw="32">
<![CDATA[
:0  %samples_1 = alloca i32

]]></Node>
<StgValue><ssdm name="samples_1"/></StgValue>
</operation>

<operation id="7" st_id="1" stage="1" lat="1">
<core>s_axilite</core>
<MemPortIdVec></MemPortIdVec>
<condition id="-1">
<or_exp><and_exp></and_exp></or_exp>
</condition>

<Node id="18" bw="32" op_0_bw="32" op_1_bw="32">
<![CDATA[
:1  %length_read = call i32 @_ssdm_op_Read.s_axilite.i32(i32 %length_r)

]]></Node>
<StgValue><ssdm name="length_read"/></StgValue>
</operation>

<operation id="8" st_id="1" stage="1" lat="1">
<core>s_axilite</core>
<MemPortIdVec></MemPortIdVec>
<condition id="-1">
<or_exp><and_exp></and_exp></or_exp>
</condition>

<Node id="19" bw="32" op_0_bw="32" op_1_bw="32">
<![CDATA[
:2  %trigger_V_read = call i32 @_ssdm_op_Read.s_axilite.i32(i32 %trigger_V)

]]></Node>
<StgValue><ssdm name="trigger_V_read"/></StgValue>
</operation>

<operation id="9" st_id="1" stage="1" lat="1">
<core>NULL</core>
<MemPortIdVec></MemPortIdVec>
<condition id="-1">
<or_exp><and_exp></and_exp></or_exp>
</condition>

<Node id="20" bw="0" op_0_bw="0" op_1_bw="32">
<![CDATA[
:3  call void (...)* @_ssdm_op_SpecBitsMap(i32* %trace_32_data_V), !map !29

]]></Node>
<StgValue><ssdm name="specbitsmap_ln0"/></StgValue>
</operation>

<operation id="10" st_id="1" stage="1" lat="1">
<core>NULL</core>
<MemPortIdVec></MemPortIdVec>
<condition id="-1">
<or_exp><and_exp></and_exp></or_exp>
</condition>

<Node id="21" bw="0" op_0_bw="0" op_1_bw="4">
<![CDATA[
:4  call void (...)* @_ssdm_op_SpecBitsMap(i4* %trace_32_keep_V), !map !35

]]></Node>
<StgValue><ssdm name="specbitsmap_ln0"/></StgValue>
</operation>

<operation id="11" st_id="1" stage="1" lat="1">
<core>NULL</core>
<MemPortIdVec></MemPortIdVec>
<condition id="-1">
<or_exp><and_exp></and_exp></or_exp>
</condition>

<Node id="22" bw="0" op_0_bw="0" op_1_bw="4">
<![CDATA[
:5  call void (...)* @_ssdm_op_SpecBitsMap(i4* %trace_32_strb_V), !map !39

]]></Node>
<StgValue><ssdm name="specbitsmap_ln0"/></StgValue>
</operation>

<operation id="12" st_id="1" stage="1" lat="1">
<core>NULL</core>
<MemPortIdVec></MemPortIdVec>
<condition id="-1">
<or_exp><and_exp></and_exp></or_exp>
</condition>

<Node id="23" bw="0" op_0_bw="0" op_1_bw="1">
<![CDATA[
:6  call void (...)* @_ssdm_op_SpecBitsMap(i1* %trace_32_user_V), !map !43

]]></Node>
<StgValue><ssdm name="specbitsmap_ln0"/></StgValue>
</operation>

<operation id="13" st_id="1" stage="1" lat="1">
<core>NULL</core>
<MemPortIdVec></MemPortIdVec>
<condition id="-1">
<or_exp><and_exp></and_exp></or_exp>
</condition>

<Node id="24" bw="0" op_0_bw="0" op_1_bw="1">
<![CDATA[
:7  call void (...)* @_ssdm_op_SpecBitsMap(i1* %trace_32_last_V), !map !47

]]></Node>
<StgValue><ssdm name="specbitsmap_ln0"/></StgValue>
</operation>

<operation id="14" st_id="1" stage="1" lat="1">
<core>NULL</core>
<MemPortIdVec></MemPortIdVec>
<condition id="-1">
<or_exp><and_exp></and_exp></or_exp>
</condition>

<Node id="25" bw="0" op_0_bw="0" op_1_bw="1">
<![CDATA[
:8  call void (...)* @_ssdm_op_SpecBitsMap(i1* %trace_32_id_V), !map !51

]]></Node>
<StgValue><ssdm name="specbitsmap_ln0"/></StgValue>
</operation>

<operation id="15" st_id="1" stage="1" lat="1">
<core>NULL</core>
<MemPortIdVec></MemPortIdVec>
<condition id="-1">
<or_exp><and_exp></and_exp></or_exp>
</condition>

<Node id="26" bw="0" op_0_bw="0" op_1_bw="1">
<![CDATA[
:9  call void (...)* @_ssdm_op_SpecBitsMap(i1* %trace_32_dest_V), !map !55

]]></Node>
<StgValue><ssdm name="specbitsmap_ln0"/></StgValue>
</operation>

<operation id="16" st_id="1" stage="1" lat="1">
<core>NULL</core>
<MemPortIdVec></MemPortIdVec>
<condition id="-1">
<or_exp><and_exp></and_exp></or_exp>
</condition>

<Node id="27" bw="0" op_0_bw="0" op_1_bw="32">
<![CDATA[
:10  call void (...)* @_ssdm_op_SpecBitsMap(i32* %capture_32_data_V), !map !59

]]></Node>
<StgValue><ssdm name="specbitsmap_ln0"/></StgValue>
</operation>

<operation id="17" st_id="1" stage="1" lat="1">
<core>NULL</core>
<MemPortIdVec></MemPortIdVec>
<condition id="-1">
<or_exp><and_exp></and_exp></or_exp>
</condition>

<Node id="28" bw="0" op_0_bw="0" op_1_bw="4">
<![CDATA[
:11  call void (...)* @_ssdm_op_SpecBitsMap(i4* %capture_32_keep_V), !map !63

]]></Node>
<StgValue><ssdm name="specbitsmap_ln0"/></StgValue>
</operation>

<operation id="18" st_id="1" stage="1" lat="1">
<core>NULL</core>
<MemPortIdVec></MemPortIdVec>
<condition id="-1">
<or_exp><and_exp></and_exp></or_exp>
</condition>

<Node id="29" bw="0" op_0_bw="0" op_1_bw="4">
<![CDATA[
:12  call void (...)* @_ssdm_op_SpecBitsMap(i4* %capture_32_strb_V), !map !67

]]></Node>
<StgValue><ssdm name="specbitsmap_ln0"/></StgValue>
</operation>

<operation id="19" st_id="1" stage="1" lat="1">
<core>NULL</core>
<MemPortIdVec></MemPortIdVec>
<condition id="-1">
<or_exp><and_exp></and_exp></or_exp>
</condition>

<Node id="30" bw="0" op_0_bw="0" op_1_bw="1">
<![CDATA[
:13  call void (...)* @_ssdm_op_SpecBitsMap(i1* %capture_32_user_V), !map !71

]]></Node>
<StgValue><ssdm name="specbitsmap_ln0"/></StgValue>
</operation>

<operation id="20" st_id="1" stage="1" lat="1">
<core>NULL</core>
<MemPortIdVec></MemPortIdVec>
<condition id="-1">
<or_exp><and_exp></and_exp></or_exp>
</condition>

<Node id="31" bw="0" op_0_bw="0" op_1_bw="1">
<![CDATA[
:14  call void (...)* @_ssdm_op_SpecBitsMap(i1* %capture_32_last_V), !map !75

]]></Node>
<StgValue><ssdm name="specbitsmap_ln0"/></StgValue>
</operation>

<operation id="21" st_id="1" stage="1" lat="1">
<core>NULL</core>
<MemPortIdVec></MemPortIdVec>
<condition id="-1">
<or_exp><and_exp></and_exp></or_exp>
</condition>

<Node id="32" bw="0" op_0_bw="0" op_1_bw="1">
<![CDATA[
:15  call void (...)* @_ssdm_op_SpecBitsMap(i1* %capture_32_id_V), !map !79

]]></Node>
<StgValue><ssdm name="specbitsmap_ln0"/></StgValue>
</operation>

<operation id="22" st_id="1" stage="1" lat="1">
<core>NULL</core>
<MemPortIdVec></MemPortIdVec>
<condition id="-1">
<or_exp><and_exp></and_exp></or_exp>
</condition>

<Node id="33" bw="0" op_0_bw="0" op_1_bw="1">
<![CDATA[
:16  call void (...)* @_ssdm_op_SpecBitsMap(i1* %capture_32_dest_V), !map !83

]]></Node>
<StgValue><ssdm name="specbitsmap_ln0"/></StgValue>
</operation>

<operation id="23" st_id="1" stage="1" lat="1">
<core>NULL</core>
<MemPortIdVec></MemPortIdVec>
<condition id="-1">
<or_exp><and_exp></and_exp></or_exp>
</condition>

<Node id="34" bw="0" op_0_bw="0" op_1_bw="32">
<![CDATA[
:17  call void (...)* @_ssdm_op_SpecBitsMap(i32 %trigger_V), !map !87

]]></Node>
<StgValue><ssdm name="specbitsmap_ln0"/></StgValue>
</operation>

<operation id="24" st_id="1" stage="1" lat="1">
<core>NULL</core>
<MemPortIdVec></MemPortIdVec>
<condition id="-1">
<or_exp><and_exp></and_exp></or_exp>
</condition>

<Node id="35" bw="0" op_0_bw="0" op_1_bw="32">
<![CDATA[
:18  call void (...)* @_ssdm_op_SpecBitsMap(i32 %length_r), !map !93

]]></Node>
<StgValue><ssdm name="specbitsmap_ln0"/></StgValue>
</operation>

<operation id="25" st_id="1" stage="1" lat="1">
<core>NULL</core>
<MemPortIdVec></MemPortIdVec>
<condition id="-1">
<or_exp><and_exp></and_exp></or_exp>
</condition>

<Node id="36" bw="0" op_0_bw="0" op_1_bw="0">
<![CDATA[
:19  call void (...)* @_ssdm_op_SpecTopModule([15 x i8]* @trace_cntrl_32_str) nounwind

]]></Node>
<StgValue><ssdm name="spectopmodule_ln0"/></StgValue>
</operation>

<operation id="26" st_id="1" stage="1" lat="1">
<core>NULL</core>
<MemPortIdVec></MemPortIdVec>
<condition id="-1">
<or_exp><and_exp></and_exp></or_exp>
</condition>

<Node id="37" bw="0" op_0_bw="0" op_1_bw="32" op_2_bw="4" op_3_bw="4" op_4_bw="1" op_5_bw="1" op_6_bw="1" op_7_bw="1" op_8_bw="0" op_9_bw="32" op_10_bw="32" op_11_bw="0" op_12_bw="32" op_13_bw="32" op_14_bw="0" op_15_bw="0" op_16_bw="0" op_17_bw="32" op_18_bw="32" op_19_bw="32" op_20_bw="32" op_21_bw="0" op_22_bw="0">
<![CDATA[
:20  call void (...)* @_ssdm_op_SpecInterface(i32* %trace_32_data_V, i4* %trace_32_keep_V, i4* %trace_32_strb_V, i1* %trace_32_user_V, i1* %trace_32_last_V, i1* %trace_32_id_V, i1* %trace_32_dest_V, [5 x i8]* @p_str, i32 1, i32 1, [5 x i8]* @p_str1, i32 0, i32 50, [1 x i8]* @p_str2, [1 x i8]* @p_str2, [1 x i8]* @p_str2, i32 0, i32 0, i32 0, i32 0, [1 x i8]* @p_str2, [1 x i8]* @p_str2) nounwind

]]></Node>
<StgValue><ssdm name="specinterface_ln9"/></StgValue>
</operation>

<operation id="27" st_id="1" stage="1" lat="1">
<core>NULL</core>
<MemPortIdVec></MemPortIdVec>
<condition id="-1">
<or_exp><and_exp></and_exp></or_exp>
</condition>

<Node id="38" bw="0" op_0_bw="0" op_1_bw="32" op_2_bw="4" op_3_bw="4" op_4_bw="1" op_5_bw="1" op_6_bw="1" op_7_bw="1" op_8_bw="0" op_9_bw="32" op_10_bw="32" op_11_bw="0" op_12_bw="32" op_13_bw="32" op_14_bw="0" op_15_bw="0" op_16_bw="0" op_17_bw="32" op_18_bw="32" op_19_bw="32" op_20_bw="32" op_21_bw="0" op_22_bw="0">
<![CDATA[
:21  call void (...)* @_ssdm_op_SpecInterface(i32* %capture_32_data_V, i4* %capture_32_keep_V, i4* %capture_32_strb_V, i1* %capture_32_user_V, i1* %capture_32_last_V, i1* %capture_32_id_V, i1* %capture_32_dest_V, [5 x i8]* @p_str, i32 1, i32 1, [5 x i8]* @p_str1, i32 0, i32 50, [1 x i8]* @p_str2, [1 x i8]* @p_str2, [1 x i8]* @p_str2, i32 0, i32 0, i32 0, i32 0, [1 x i8]* @p_str2, [1 x i8]* @p_str2) nounwind

]]></Node>
<StgValue><ssdm name="specinterface_ln10"/></StgValue>
</operation>

<operation id="28" st_id="1" stage="1" lat="1">
<core>NULL</core>
<MemPortIdVec></MemPortIdVec>
<condition id="-1">
<or_exp><and_exp></and_exp></or_exp>
</condition>

<Node id="39" bw="0" op_0_bw="0" op_1_bw="32" op_2_bw="0" op_3_bw="32" op_4_bw="32" op_5_bw="0" op_6_bw="32" op_7_bw="32" op_8_bw="0" op_9_bw="0" op_10_bw="0" op_11_bw="32" op_12_bw="32" op_13_bw="32" op_14_bw="32" op_15_bw="0" op_16_bw="0">
<![CDATA[
:22  call void (...)* @_ssdm_op_SpecInterface(i32 %trigger_V, [10 x i8]* @p_str3, i32 0, i32 0, [1 x i8]* @p_str2, i32 0, i32 0, [12 x i8]* @p_str4, [1 x i8]* @p_str2, [1 x i8]* @p_str2, i32 0, i32 0, i32 0, i32 0, [1 x i8]* @p_str2, [1 x i8]* @p_str2) nounwind

]]></Node>
<StgValue><ssdm name="specinterface_ln11"/></StgValue>
</operation>

<operation id="29" st_id="1" stage="1" lat="1">
<core>NULL</core>
<MemPortIdVec></MemPortIdVec>
<condition id="-1">
<or_exp><and_exp></and_exp></or_exp>
</condition>

<Node id="40" bw="0" op_0_bw="0" op_1_bw="32" op_2_bw="0" op_3_bw="32" op_4_bw="32" op_5_bw="0" op_6_bw="32" op_7_bw="32" op_8_bw="0" op_9_bw="0" op_10_bw="0" op_11_bw="32" op_12_bw="32" op_13_bw="32" op_14_bw="32" op_15_bw="0" op_16_bw="0">
<![CDATA[
:23  call void (...)* @_ssdm_op_SpecInterface(i32 %length_r, [10 x i8]* @p_str3, i32 0, i32 0, [1 x i8]* @p_str2, i32 0, i32 0, [12 x i8]* @p_str4, [1 x i8]* @p_str2, [1 x i8]* @p_str2, i32 0, i32 0, i32 0, i32 0, [1 x i8]* @p_str2, [1 x i8]* @p_str2) nounwind

]]></Node>
<StgValue><ssdm name="specinterface_ln12"/></StgValue>
</operation>

<operation id="30" st_id="1" stage="1" lat="1">
<core>NULL</core>
<MemPortIdVec></MemPortIdVec>
<condition id="-1">
<or_exp><and_exp></and_exp></or_exp>
</condition>

<Node id="41" bw="0" op_0_bw="0" op_1_bw="32" op_2_bw="0" op_3_bw="32" op_4_bw="32" op_5_bw="0" op_6_bw="32" op_7_bw="32" op_8_bw="0" op_9_bw="0" op_10_bw="0" op_11_bw="32" op_12_bw="32" op_13_bw="32" op_14_bw="32" op_15_bw="0" op_16_bw="0">
<![CDATA[
:24  call void (...)* @_ssdm_op_SpecInterface(i32 0, [10 x i8]* @p_str3, i32 0, i32 0, [1 x i8]* @p_str2, i32 0, i32 0, [12 x i8]* @p_str4, [1 x i8]* @p_str2, [1 x i8]* @p_str2, i32 0, i32 0, i32 0, i32 0, [1 x i8]* @p_str2, [1 x i8]* @p_str2) nounwind

]]></Node>
<StgValue><ssdm name="specinterface_ln13"/></StgValue>
</operation>

<operation id="31" st_id="1" stage="1" lat="1">
<core>AddSub</core>
<MemPortIdVec></MemPortIdVec>
<condition id="-1">
<or_exp><and_exp></and_exp></or_exp>
</condition>

<Node id="42" bw="32" op_0_bw="32" op_1_bw="32">
<![CDATA[
:25  %add_ln27 = add nsw i32 %length_read, -1

]]></Node>
<StgValue><ssdm name="add_ln27"/></StgValue>
</operation>

<operation id="32" st_id="1" stage="1" lat="1">
<core>NULL</core>
<MemPortIdVec></MemPortIdVec>
<condition id="-1">
<or_exp><and_exp></and_exp></or_exp>
</condition>

<Node id="43" bw="0" op_0_bw="32" op_1_bw="32">
<![CDATA[
:26  store i32 0, i32* %samples_1

]]></Node>
<StgValue><ssdm name="store_ln20"/></StgValue>
</operation>

<operation id="33" st_id="1" stage="1" lat="1">
<core>NULL</core>
<MemPortIdVec></MemPortIdVec>
<condition id="-1">
<or_exp><and_exp></and_exp></or_exp>
</condition>

<Node id="44" bw="0" op_0_bw="0">
<![CDATA[
:27  br label %1

]]></Node>
<StgValue><ssdm name="br_ln20"/></StgValue>
</operation>
</state>

<state id="2" st_id="2">

<operation id="34" st_id="2" stage="1" lat="1">
<core>NULL</core>
<MemPortIdVec></MemPortIdVec>
<condition id="-1">
<or_exp><and_exp></and_exp></or_exp>
</condition>

<Node id="46" bw="1" op_0_bw="1" op_1_bw="0" op_2_bw="1" op_3_bw="0">
<![CDATA[
:0  %match_0 = phi i1 [ false, %0 ], [ %or_ln23, %hls_label_0_end ]

]]></Node>
<StgValue><ssdm name="match_0"/></StgValue>
</operation>

<operation id="35" st_id="2" stage="1" lat="1">
<core>NULL</core>
<MemPortIdVec></MemPortIdVec>
<condition id="-1">
<or_exp><and_exp></and_exp></or_exp>
</condition>

<Node id="47" bw="32" op_0_bw="32" op_1_bw="0" op_2_bw="32" op_3_bw="0">
<![CDATA[
:1  %i_0 = phi i32 [ 0, %0 ], [ %i_2, %hls_label_0_end ]

]]></Node>
<StgValue><ssdm name="i_0"/></StgValue>
</operation>

<operation id="36" st_id="2" stage="1" lat="1">
<core>Cmp</core>
<MemPortIdVec></MemPortIdVec>
<condition id="-1">
<or_exp><and_exp></and_exp></or_exp>
</condition>

<Node id="48" bw="1" op_0_bw="32" op_1_bw="32">
<![CDATA[
:2  %icmp_ln20 = icmp slt i32 %i_0, %length_read

]]></Node>
<StgValue><ssdm name="icmp_ln20"/></StgValue>
</operation>

<operation id="37" st_id="2" stage="1" lat="1">
<core>NULL</core>
<MemPortIdVec></MemPortIdVec>
<condition id="-1">
<or_exp><and_exp></and_exp></or_exp>
</condition>

<Node id="49" bw="0" op_0_bw="1" op_1_bw="0" op_2_bw="0">
<![CDATA[
:3  br i1 %icmp_ln20, label %hls_label_0_begin, label %4

]]></Node>
<StgValue><ssdm name="br_ln20"/></StgValue>
</operation>

<operation id="38" st_id="2" stage="1" lat="1">
<core>AXI4Stream</core>
<MemPortIdVec></MemPortIdVec>
<condition id="-1">
<or_exp><and_exp><literal name="icmp_ln20" val="1"/>
</and_exp></or_exp>
</condition>

<Node id="53" bw="44" op_0_bw="44" op_1_bw="32" op_2_bw="4" op_3_bw="4" op_4_bw="1" op_5_bw="1" op_6_bw="1" op_7_bw="1">
<![CDATA[
hls_label_0_begin:2  %empty = call { i32, i4, i4, i1, i1, i1, i1 } @_ssdm_op_Read.axis.volatile.i32P.i4P.i4P.i1P.i1P.i1P.i1P(i32* %trace_32_data_V, i4* %trace_32_keep_V, i4* %trace_32_strb_V, i1* %trace_32_user_V, i1* %trace_32_last_V, i1* %trace_32_id_V, i1* %trace_32_dest_V)

]]></Node>
<StgValue><ssdm name="empty"/></StgValue>
</operation>

<operation id="39" st_id="2" stage="1" lat="1">
<core>NULL</core>
<MemPortIdVec></MemPortIdVec>
<condition id="-1">
<or_exp><and_exp><literal name="icmp_ln20" val="1"/>
</and_exp></or_exp>
</condition>

<Node id="54" bw="32" op_0_bw="44">
<![CDATA[
hls_label_0_begin:3  %trace_temp_data_V = extractvalue { i32, i4, i4, i1, i1, i1, i1 } %empty, 0

]]></Node>
<StgValue><ssdm name="trace_temp_data_V"/></StgValue>
</operation>

<operation id="40" st_id="2" stage="1" lat="1">
<core>NULL</core>
<MemPortIdVec></MemPortIdVec>
<condition id="-1">
<or_exp><and_exp><literal name="icmp_ln20" val="1"/>
</and_exp></or_exp>
</condition>

<Node id="55" bw="4" op_0_bw="44">
<![CDATA[
hls_label_0_begin:4  %trace_temp_keep_V = extractvalue { i32, i4, i4, i1, i1, i1, i1 } %empty, 1

]]></Node>
<StgValue><ssdm name="trace_temp_keep_V"/></StgValue>
</operation>

<operation id="41" st_id="2" stage="1" lat="1">
<core>NULL</core>
<MemPortIdVec></MemPortIdVec>
<condition id="-1">
<or_exp><and_exp><literal name="icmp_ln20" val="1"/>
</and_exp></or_exp>
</condition>

<Node id="56" bw="4" op_0_bw="44">
<![CDATA[
hls_label_0_begin:5  %trace_temp_strb_V = extractvalue { i32, i4, i4, i1, i1, i1, i1 } %empty, 2

]]></Node>
<StgValue><ssdm name="trace_temp_strb_V"/></StgValue>
</operation>

<operation id="42" st_id="2" stage="1" lat="1">
<core>NULL</core>
<MemPortIdVec></MemPortIdVec>
<condition id="-1">
<or_exp><and_exp><literal name="icmp_ln20" val="1"/>
</and_exp></or_exp>
</condition>

<Node id="57" bw="1" op_0_bw="44">
<![CDATA[
hls_label_0_begin:6  %trace_temp_user_V = extractvalue { i32, i4, i4, i1, i1, i1, i1 } %empty, 3

]]></Node>
<StgValue><ssdm name="trace_temp_user_V"/></StgValue>
</operation>

<operation id="43" st_id="2" stage="1" lat="1">
<core>NULL</core>
<MemPortIdVec></MemPortIdVec>
<condition id="-1">
<or_exp><and_exp><literal name="icmp_ln20" val="1"/>
</and_exp></or_exp>
</condition>

<Node id="58" bw="1" op_0_bw="44">
<![CDATA[
hls_label_0_begin:7  %trace_temp_id_V = extractvalue { i32, i4, i4, i1, i1, i1, i1 } %empty, 5

]]></Node>
<StgValue><ssdm name="trace_temp_id_V"/></StgValue>
</operation>

<operation id="44" st_id="2" stage="1" lat="1">
<core>NULL</core>
<MemPortIdVec></MemPortIdVec>
<condition id="-1">
<or_exp><and_exp><literal name="icmp_ln20" val="1"/>
</and_exp></or_exp>
</condition>

<Node id="59" bw="1" op_0_bw="44">
<![CDATA[
hls_label_0_begin:8  %trace_temp_dest_V = extractvalue { i32, i4, i4, i1, i1, i1, i1 } %empty, 6

]]></Node>
<StgValue><ssdm name="trace_temp_dest_V"/></StgValue>
</operation>

<operation id="45" st_id="2" stage="1" lat="1">
<core>LogicGate</core>
<MemPortIdVec></MemPortIdVec>
<condition id="-1">
<or_exp><and_exp><literal name="icmp_ln20" val="1"/>
</and_exp></or_exp>
</condition>

<Node id="60" bw="32" op_0_bw="32" op_1_bw="32">
<![CDATA[
hls_label_0_begin:9  %and_ln23 = and i32 %trace_temp_data_V, %trigger_V_read

]]></Node>
<StgValue><ssdm name="and_ln23"/></StgValue>
</operation>

<operation id="46" st_id="2" stage="1" lat="1">
<core>Cmp</core>
<MemPortIdVec></MemPortIdVec>
<condition id="-1">
<or_exp><and_exp><literal name="icmp_ln20" val="1"/>
</and_exp></or_exp>
</condition>

<Node id="61" bw="1" op_0_bw="32" op_1_bw="32">
<![CDATA[
hls_label_0_begin:10  %icmp_ln23 = icmp eq i32 %and_ln23, %trigger_V_read

]]></Node>
<StgValue><ssdm name="icmp_ln23"/></StgValue>
</operation>

<operation id="47" st_id="2" stage="1" lat="1">
<core>LogicGate</core>
<MemPortIdVec></MemPortIdVec>
<condition id="-1">
<or_exp><and_exp><literal name="icmp_ln20" val="1"/>
</and_exp></or_exp>
</condition>

<Node id="62" bw="1" op_0_bw="1" op_1_bw="1">
<![CDATA[
hls_label_0_begin:11  %or_ln23 = or i1 %icmp_ln23, %match_0

]]></Node>
<StgValue><ssdm name="or_ln23"/></StgValue>
</operation>

<operation id="48" st_id="2" stage="1" lat="1">
<core>NULL</core>
<MemPortIdVec></MemPortIdVec>
<condition id="-1">
<or_exp><and_exp><literal name="icmp_ln20" val="1"/>
</and_exp></or_exp>
</condition>

<Node id="63" bw="0" op_0_bw="1" op_1_bw="0" op_2_bw="0">
<![CDATA[
hls_label_0_begin:12  br i1 %or_ln23, label %2, label %3

]]></Node>
<StgValue><ssdm name="br_ln26"/></StgValue>
</operation>

<operation id="49" st_id="2" stage="1" lat="1">
<core>AddSub</core>
<MemPortIdVec></MemPortIdVec>
<condition id="-1">
<or_exp><and_exp><literal name="icmp_ln20" val="1"/>
<literal name="or_ln23" val="0"/>
</and_exp></or_exp>
</condition>

<Node id="65" bw="32" op_0_bw="32" op_1_bw="32">
<![CDATA[
:0  %i = add nsw i32 %i_0, -1

]]></Node>
<StgValue><ssdm name="i"/></StgValue>
</operation>

<operation id="50" st_id="2" stage="1" lat="1">
<core>NULL</core>
<MemPortIdVec></MemPortIdVec>
<condition id="-1">
<or_exp><and_exp><literal name="icmp_ln20" val="1"/>
<literal name="or_ln23" val="0"/>
</and_exp></or_exp>
</condition>

<Node id="66" bw="0" op_0_bw="0">
<![CDATA[
:1  br label %hls_label_0_end

]]></Node>
<StgValue><ssdm name="br_ln0"/></StgValue>
</operation>

<operation id="51" st_id="2" stage="1" lat="1">
<core>NULL</core>
<MemPortIdVec></MemPortIdVec>
<condition id="-1">
<or_exp><and_exp><literal name="icmp_ln20" val="1"/>
<literal name="or_ln23" val="1"/>
</and_exp></or_exp>
</condition>

<Node id="68" bw="32" op_0_bw="32" op_1_bw="0">
<![CDATA[
:0  %samples_1_load = load i32* %samples_1

]]></Node>
<StgValue><ssdm name="samples_1_load"/></StgValue>
</operation>

<operation id="52" st_id="2" stage="1" lat="1">
<core>Cmp</core>
<MemPortIdVec></MemPortIdVec>
<condition id="-1">
<or_exp><and_exp><literal name="icmp_ln20" val="1"/>
<literal name="or_ln23" val="1"/>
</and_exp></or_exp>
</condition>

<Node id="69" bw="1" op_0_bw="32" op_1_bw="32">
<![CDATA[
:1  %trace_temp_last_V = icmp eq i32 %samples_1_load, %add_ln27

]]></Node>
<StgValue><ssdm name="trace_temp_last_V"/></StgValue>
</operation>

<operation id="53" st_id="2" stage="1" lat="1">
<core>AddSub</core>
<MemPortIdVec></MemPortIdVec>
<condition id="-1">
<or_exp><and_exp><literal name="icmp_ln20" val="1"/>
<literal name="or_ln23" val="1"/>
</and_exp></or_exp>
</condition>

<Node id="71" bw="32" op_0_bw="32" op_1_bw="32">
<![CDATA[
:3  %samples = add nsw i32 %samples_1_load, 1

]]></Node>
<StgValue><ssdm name="samples"/></StgValue>
</operation>

<operation id="54" st_id="2" stage="1" lat="1">
<core>NULL</core>
<MemPortIdVec></MemPortIdVec>
<condition id="-1">
<or_exp><and_exp><literal name="icmp_ln20" val="1"/>
<literal name="or_ln23" val="1"/>
</and_exp></or_exp>
</condition>

<Node id="72" bw="0" op_0_bw="32" op_1_bw="32" op_2_bw="32" op_3_bw="0">
<![CDATA[
:4  store i32 %samples, i32* %samples_1

]]></Node>
<StgValue><ssdm name="store_ln30"/></StgValue>
</operation>

<operation id="55" st_id="2" stage="1" lat="1">
<core>NULL</core>
<MemPortIdVec></MemPortIdVec>
<condition id="-1">
<or_exp><and_exp><literal name="icmp_ln20" val="1"/>
<literal name="or_ln23" val="1"/>
</and_exp></or_exp>
</condition>

<Node id="73" bw="0" op_0_bw="0">
<![CDATA[
:5  br label %hls_label_0_end

]]></Node>
<StgValue><ssdm name="br_ln30"/></StgValue>
</operation>

<operation id="56" st_id="2" stage="1" lat="1">
<core>NULL</core>
<MemPortIdVec></MemPortIdVec>
<condition id="-1">
<or_exp><and_exp><literal name="icmp_ln20" val="1"/>
</and_exp></or_exp>
</condition>

<Node id="75" bw="32" op_0_bw="32" op_1_bw="0" op_2_bw="32" op_3_bw="0">
<![CDATA[
hls_label_0_end:0  %i_1 = phi i32 [ %i_0, %2 ], [ %i, %3 ]

]]></Node>
<StgValue><ssdm name="i_1"/></StgValue>
</operation>

<operation id="57" st_id="2" stage="1" lat="1">
<core>AddSub</core>
<MemPortIdVec></MemPortIdVec>
<condition id="-1">
<or_exp><and_exp><literal name="icmp_ln20" val="1"/>
</and_exp></or_exp>
</condition>

<Node id="77" bw="32" op_0_bw="32" op_1_bw="32">
<![CDATA[
hls_label_0_end:2  %i_2 = add nsw i32 %i_1, 1

]]></Node>
<StgValue><ssdm name="i_2"/></StgValue>
</operation>
</state>

<state id="3" st_id="3">

<operation id="58" st_id="3" stage="2" lat="2">
<core>AXI4Stream</core>
<MemPortIdVec></MemPortIdVec>
<condition id="-1">
<or_exp><and_exp><literal name="icmp_ln20" val="1"/>
<literal name="or_ln23" val="1"/>
</and_exp></or_exp>
</condition>

<Node id="70" bw="0" op_0_bw="0" op_1_bw="32" op_2_bw="4" op_3_bw="4" op_4_bw="1" op_5_bw="1" op_6_bw="1" op_7_bw="1" op_8_bw="32" op_9_bw="4" op_10_bw="4" op_11_bw="1" op_12_bw="1" op_13_bw="1" op_14_bw="1">
<![CDATA[
:2  call void @_ssdm_op_Write.axis.volatile.i32P.i4P.i4P.i1P.i1P.i1P.i1P(i32* %capture_32_data_V, i4* %capture_32_keep_V, i4* %capture_32_strb_V, i1* %capture_32_user_V, i1* %capture_32_last_V, i1* %capture_32_id_V, i1* %capture_32_dest_V, i32 %trace_temp_data_V, i4 %trace_temp_keep_V, i4 %trace_temp_strb_V, i1 %trace_temp_user_V, i1 %trace_temp_last_V, i1 %trace_temp_id_V, i1 %trace_temp_dest_V)

]]></Node>
<StgValue><ssdm name="write_ln7"/></StgValue>
</operation>
</state>

<state id="4" st_id="4">

<operation id="59" st_id="4" stage="1" lat="1">
<core>NULL</core>
<MemPortIdVec></MemPortIdVec>
<condition id="-1">
<or_exp><and_exp><literal name="icmp_ln20" val="1"/>
</and_exp></or_exp>
</condition>

<Node id="51" bw="32" op_0_bw="32" op_1_bw="0">
<![CDATA[
hls_label_0_begin:0  %tmp = call i32 (...)* @_ssdm_op_SpecRegionBegin([12 x i8]* @p_str5)

]]></Node>
<StgValue><ssdm name="tmp"/></StgValue>
</operation>

<operation id="60" st_id="4" stage="1" lat="1">
<core>NULL</core>
<MemPortIdVec></MemPortIdVec>
<condition id="-1">
<or_exp><and_exp><literal name="icmp_ln20" val="1"/>
</and_exp></or_exp>
</condition>

<Node id="52" bw="0" op_0_bw="0" op_1_bw="32" op_2_bw="32" op_3_bw="32" op_4_bw="32" op_5_bw="0">
<![CDATA[
hls_label_0_begin:1  call void (...)* @_ssdm_op_SpecPipeline(i32 -1, i32 1, i32 1, i32 0, [1 x i8]* @p_str2) nounwind

]]></Node>
<StgValue><ssdm name="specpipeline_ln21"/></StgValue>
</operation>

<operation id="61" st_id="4" stage="1" lat="2">
<core>AXI4Stream</core>
<MemPortIdVec></MemPortIdVec>
<condition id="-1">
<or_exp><and_exp><literal name="icmp_ln20" val="1"/>
<literal name="or_ln23" val="1"/>
</and_exp></or_exp>
</condition>

<Node id="70" bw="0" op_0_bw="0" op_1_bw="32" op_2_bw="4" op_3_bw="4" op_4_bw="1" op_5_bw="1" op_6_bw="1" op_7_bw="1" op_8_bw="32" op_9_bw="4" op_10_bw="4" op_11_bw="1" op_12_bw="1" op_13_bw="1" op_14_bw="1">
<![CDATA[
:2  call void @_ssdm_op_Write.axis.volatile.i32P.i4P.i4P.i1P.i1P.i1P.i1P(i32* %capture_32_data_V, i4* %capture_32_keep_V, i4* %capture_32_strb_V, i1* %capture_32_user_V, i1* %capture_32_last_V, i1* %capture_32_id_V, i1* %capture_32_dest_V, i32 %trace_temp_data_V, i4 %trace_temp_keep_V, i4 %trace_temp_strb_V, i1 %trace_temp_user_V, i1 %trace_temp_last_V, i1 %trace_temp_id_V, i1 %trace_temp_dest_V)

]]></Node>
<StgValue><ssdm name="write_ln7"/></StgValue>
</operation>

<operation id="62" st_id="4" stage="1" lat="1">
<core>NULL</core>
<MemPortIdVec></MemPortIdVec>
<condition id="-1">
<or_exp><and_exp><literal name="icmp_ln20" val="1"/>
</and_exp></or_exp>
</condition>

<Node id="76" bw="32" op_0_bw="32" op_1_bw="0" op_2_bw="32">
<![CDATA[
hls_label_0_end:1  %empty_3 = call i32 (...)* @_ssdm_op_SpecRegionEnd([12 x i8]* @p_str5, i32 %tmp)

]]></Node>
<StgValue><ssdm name="empty_3"/></StgValue>
</operation>

<operation id="63" st_id="4" stage="1" lat="1">
<core>NULL</core>
<MemPortIdVec></MemPortIdVec>
<condition id="-1">
<or_exp><and_exp><literal name="icmp_ln20" val="1"/>
</and_exp></or_exp>
</condition>

<Node id="78" bw="0" op_0_bw="0">
<![CDATA[
hls_label_0_end:3  br label %1

]]></Node>
<StgValue><ssdm name="br_ln20"/></StgValue>
</operation>
</state>

<state id="5" st_id="5">

<operation id="64" st_id="5" stage="1" lat="1">
<core>NULL</core>
<MemPortIdVec></MemPortIdVec>
<condition id="-1">
<or_exp><and_exp></and_exp></or_exp>
</condition>

<Node id="80" bw="0">
<![CDATA[
:0  ret void

]]></Node>
<StgValue><ssdm name="ret_ln34"/></StgValue>
</operation>
</state>
</state_list>


<ports>
</ports>


<dataflows>
</dataflows>


</stg>
