<annotationInfo>
<annotationInfo>
<item  id="42" filename="trace_cntrl_32/trace_cntrl_32.cpp" linenumber="27" name="add_ln27" contextFuncName="trace_cntrl_32" moduleName="trace_cntrl_32" rtlName="add_ln27_fu_165_p2" latency="0" BRAM="-1" DSP="-1" FF="0" LUT="39" fileDirectory="C:\Users\Ryan\Documents\University\EE315\Project\PYNQ-master\PYNQ-master\boards\ip\hls"><\/item>
<item  id="48" filename="trace_cntrl_32/trace_cntrl_32.cpp" linenumber="20" name="icmp_ln20" contextFuncName="trace_cntrl_32" moduleName="trace_cntrl_32" rtlName="icmp_ln20_fu_176_p2" latency="0" BRAM="-1" DSP="-1" FF="0" LUT="18" fileDirectory="C:\Users\Ryan\Documents\University\EE315\Project\PYNQ-master\PYNQ-master\boards\ip\hls"><\/item>
<item  id="60" filename="trace_cntrl_32/trace_cntrl_32.cpp" linenumber="23" name="and_ln23" contextFuncName="trace_cntrl_32" moduleName="trace_cntrl_32" rtlName="and_ln23_fu_205_p2" latency="0" BRAM="-1" DSP="-1" FF="0" LUT="32" fileDirectory="C:\Users\Ryan\Documents\University\EE315\Project\PYNQ-master\PYNQ-master\boards\ip\hls"><\/item>
<item  id="61" filename="trace_cntrl_32/trace_cntrl_32.cpp" linenumber="23" name="icmp_ln23" contextFuncName="trace_cntrl_32" moduleName="trace_cntrl_32" rtlName="icmp_ln23_fu_210_p2" latency="0" BRAM="-1" DSP="-1" FF="0" LUT="18" fileDirectory="C:\Users\Ryan\Documents\University\EE315\Project\PYNQ-master\PYNQ-master\boards\ip\hls"><\/item>
<item  id="62" filename="trace_cntrl_32/trace_cntrl_32.cpp" linenumber="23" name="or_ln23" contextFuncName="trace_cntrl_32" moduleName="trace_cntrl_32" rtlName="or_ln23_fu_215_p2" latency="0" BRAM="-1" DSP="-1" FF="0" LUT="2" fileDirectory="C:\Users\Ryan\Documents\University\EE315\Project\PYNQ-master\PYNQ-master\boards\ip\hls"><\/item>
<item  id="65" filename="trace_cntrl_32/trace_cntrl_32.cpp" linenumber="32" name="i" contextFuncName="trace_cntrl_32" moduleName="trace_cntrl_32" rtlName="i_fu_221_p2" latency="0" BRAM="-1" DSP="-1" FF="0" LUT="39" fileDirectory="C:\Users\Ryan\Documents\University\EE315\Project\PYNQ-master\PYNQ-master\boards\ip\hls"><\/item>
<item  id="69" filename="trace_cntrl_32/trace_cntrl_32.cpp" linenumber="27" name="trace_temp_last_V" contextFuncName="trace_cntrl_32" moduleName="trace_cntrl_32" rtlName="trace_temp_last_V_fu_231_p2" latency="0" BRAM="-1" DSP="-1" FF="0" LUT="18" fileDirectory="C:\Users\Ryan\Documents\University\EE315\Project\PYNQ-master\PYNQ-master\boards\ip\hls"><\/item>
<item  id="71" filename="trace_cntrl_32/trace_cntrl_32.cpp" linenumber="29" name="samples" contextFuncName="trace_cntrl_32" moduleName="trace_cntrl_32" rtlName="samples_fu_236_p2" latency="0" BRAM="-1" DSP="-1" FF="0" LUT="39" fileDirectory="C:\Users\Ryan\Documents\University\EE315\Project\PYNQ-master\PYNQ-master\boards\ip\hls"><\/item>
<item  id="77" filename="trace_cntrl_32/trace_cntrl_32.cpp" linenumber="20" name="i_2" contextFuncName="trace_cntrl_32" moduleName="trace_cntrl_32" rtlName="i_2_fu_247_p2" latency="0" BRAM="-1" DSP="-1" FF="0" LUT="39" fileDirectory="C:\Users\Ryan\Documents\University\EE315\Project\PYNQ-master\PYNQ-master\boards\ip\hls"><\/item>
<\/annotationInfo>
</annotationInfo>
