<annotationInfo>
<annotationInfo>
<item  id="42" filename="trace_cntrl_64/trace_cntrl_64.cpp" linenumber="27" name="add_ln27" contextFuncName="trace_cntrl_64" moduleName="trace_cntrl_64" rtlName="add_ln27_fu_167_p2" latency="0" BRAM="-1" DSP="-1" FF="0" LUT="39" fileDirectory="C:\Users\Ryan\Documents\University\EE315\Project\PYNQ-master\PYNQ-master\boards\ip\hls"><\/item>
<item  id="43" filename="trace_cntrl_64/trace_cntrl_64.cpp" linenumber="23" name="trunc_ln555" contextFuncName="trace_cntrl_64" moduleName="trace_cntrl_64" rtlName="trunc_ln555_fu_173_p1" latency="0" BRAM="-1" DSP="-1" FF="-1" LUT="-1" fileDirectory="C:\Users\Ryan\Documents\University\EE315\Project\PYNQ-master\PYNQ-master\boards\ip\hls"><\/item>
<item  id="49" filename="trace_cntrl_64/trace_cntrl_64.cpp" linenumber="20" name="icmp_ln20" contextFuncName="trace_cntrl_64" moduleName="trace_cntrl_64" rtlName="icmp_ln20_fu_182_p2" latency="0" BRAM="-1" DSP="-1" FF="0" LUT="18" fileDirectory="C:\Users\Ryan\Documents\University\EE315\Project\PYNQ-master\PYNQ-master\boards\ip\hls"><\/item>
<item  id="61" filename="trace_cntrl_64/trace_cntrl_64.cpp" linenumber="23" name="trunc_ln555_1" contextFuncName="trace_cntrl_64" moduleName="trace_cntrl_64" rtlName="trunc_ln555_1_fu_211_p1" latency="0" BRAM="-1" DSP="-1" FF="-1" LUT="-1" fileDirectory="C:\Users\Ryan\Documents\University\EE315\Project\PYNQ-master\PYNQ-master\boards\ip\hls"><\/item>
<item  id="62" filename="trace_cntrl_64/trace_cntrl_64.cpp" linenumber="23" name="and_ln23" contextFuncName="trace_cntrl_64" moduleName="trace_cntrl_64" rtlName="and_ln23_fu_215_p2" latency="0" BRAM="-1" DSP="-1" FF="0" LUT="32" fileDirectory="C:\Users\Ryan\Documents\University\EE315\Project\PYNQ-master\PYNQ-master\boards\ip\hls"><\/item>
<item  id="63" filename="trace_cntrl_64/trace_cntrl_64.cpp" linenumber="23" name="icmp_ln23" contextFuncName="trace_cntrl_64" moduleName="trace_cntrl_64" rtlName="icmp_ln23_fu_220_p2" latency="0" BRAM="-1" DSP="-1" FF="0" LUT="18" fileDirectory="C:\Users\Ryan\Documents\University\EE315\Project\PYNQ-master\PYNQ-master\boards\ip\hls"><\/item>
<item  id="64" filename="trace_cntrl_64/trace_cntrl_64.cpp" linenumber="23" name="or_ln23" contextFuncName="trace_cntrl_64" moduleName="trace_cntrl_64" rtlName="or_ln23_fu_225_p2" latency="0" BRAM="-1" DSP="-1" FF="0" LUT="2" fileDirectory="C:\Users\Ryan\Documents\University\EE315\Project\PYNQ-master\PYNQ-master\boards\ip\hls"><\/item>
<item  id="67" filename="trace_cntrl_64/trace_cntrl_64.cpp" linenumber="32" name="i" contextFuncName="trace_cntrl_64" moduleName="trace_cntrl_64" rtlName="i_fu_231_p2" latency="0" BRAM="-1" DSP="-1" FF="0" LUT="39" fileDirectory="C:\Users\Ryan\Documents\University\EE315\Project\PYNQ-master\PYNQ-master\boards\ip\hls"><\/item>
<item  id="71" filename="trace_cntrl_64/trace_cntrl_64.cpp" linenumber="27" name="trace_temp_last_V" contextFuncName="trace_cntrl_64" moduleName="trace_cntrl_64" rtlName="trace_temp_last_V_fu_241_p2" latency="0" BRAM="-1" DSP="-1" FF="0" LUT="18" fileDirectory="C:\Users\Ryan\Documents\University\EE315\Project\PYNQ-master\PYNQ-master\boards\ip\hls"><\/item>
<item  id="73" filename="trace_cntrl_64/trace_cntrl_64.cpp" linenumber="29" name="samples" contextFuncName="trace_cntrl_64" moduleName="trace_cntrl_64" rtlName="samples_fu_246_p2" latency="0" BRAM="-1" DSP="-1" FF="0" LUT="39" fileDirectory="C:\Users\Ryan\Documents\University\EE315\Project\PYNQ-master\PYNQ-master\boards\ip\hls"><\/item>
<item  id="79" filename="trace_cntrl_64/trace_cntrl_64.cpp" linenumber="20" name="i_2" contextFuncName="trace_cntrl_64" moduleName="trace_cntrl_64" rtlName="i_2_fu_257_p2" latency="0" BRAM="-1" DSP="-1" FF="0" LUT="39" fileDirectory="C:\Users\Ryan\Documents\University\EE315\Project\PYNQ-master\PYNQ-master\boards\ip\hls"><\/item>
<\/annotationInfo>
</annotationInfo>
