<annotationInfo>
<annotationInfo>
<item  id="32" filename="pixel_unpack/pixel_unpack.cpp" linenumber="114" name="p_Result_s" contextFuncName="pixel_unpack" moduleName="pixel_unpack" rtlName="reg_183" latency="0" BRAM="-1" DSP="-1" FF="-1" LUT="-1" fileDirectory="C:\Users\Ryan\Documents\University\EE315\Project\PYNQ-master\PYNQ-master\boards\ip\hls"><\/item>
<item  id="33" filename="pixel_unpack/pixel_unpack.cpp" linenumber="115" name="p_Result_1" contextFuncName="pixel_unpack" moduleName="pixel_unpack" rtlName="reg_187" latency="0" BRAM="-1" DSP="-1" FF="-1" LUT="-1" fileDirectory="C:\Users\Ryan\Documents\University\EE315\Project\PYNQ-master\PYNQ-master\boards\ip\hls"><\/item>
<item  id="34" filename="pixel_unpack/pixel_unpack.cpp" linenumber="115" name="trunc_ln414" contextFuncName="pixel_unpack" moduleName="pixel_unpack" rtlName="trunc_ln414_fu_199_p1" latency="0" BRAM="-1" DSP="-1" FF="-1" LUT="-1" fileDirectory="C:\Users\Ryan\Documents\University\EE315\Project\PYNQ-master\PYNQ-master\boards\ip\hls"><\/item>
<item  id="35" filename="pixel_unpack/pixel_unpack.cpp" linenumber="115" name="p_Result_2" contextFuncName="pixel_unpack" moduleName="pixel_unpack" rtlName="p_Result_2_fu_203_p3" latency="0" BRAM="-1" DSP="-1" FF="-1" LUT="-1" fileDirectory="C:\Users\Ryan\Documents\University\EE315\Project\PYNQ-master\PYNQ-master\boards\ip\hls"><\/item>
<item  id="37" filename="pixel_unpack/pixel_unpack.cpp" linenumber="113" name="p_Result_9_1" contextFuncName="pixel_unpack" moduleName="pixel_unpack" rtlName="reg_191" latency="0" BRAM="-1" DSP="-1" FF="-1" LUT="-1" fileDirectory="C:\Users\Ryan\Documents\University\EE315\Project\PYNQ-master\PYNQ-master\boards\ip\hls"><\/item>
<item  id="38" filename="pixel_unpack/pixel_unpack.cpp" linenumber="115" name="p_Result_14_1" contextFuncName="pixel_unpack" moduleName="pixel_unpack" rtlName="p_Result_14_1_fu_212_p4" latency="0" BRAM="-1" DSP="-1" FF="-1" LUT="-1" fileDirectory="C:\Users\Ryan\Documents\University\EE315\Project\PYNQ-master\PYNQ-master\boards\ip\hls"><\/item>
<item  id="53" filename="pixel_unpack/pixel_unpack.cpp" linenumber="96" name="trunc_ln647_5" contextFuncName="pixel_unpack" moduleName="pixel_unpack" rtlName="trunc_ln647_5_fu_223_p1" latency="0" BRAM="-1" DSP="-1" FF="-1" LUT="-1" fileDirectory="C:\Users\Ryan\Documents\University\EE315\Project\PYNQ-master\PYNQ-master\boards\ip\hls"><\/item>
<item  id="54" filename="pixel_unpack/pixel_unpack.cpp" linenumber="96" name="zext_ln414_4" contextFuncName="pixel_unpack" moduleName="pixel_unpack" rtlName="zext_ln414_4_fu_227_p1" latency="0" BRAM="-1" DSP="-1" FF="-1" LUT="-1" fileDirectory="C:\Users\Ryan\Documents\University\EE315\Project\PYNQ-master\PYNQ-master\boards\ip\hls"><\/item>
<item  id="56" filename="pixel_unpack/pixel_unpack.cpp" linenumber="96" name="p_Result_7_1" contextFuncName="pixel_unpack" moduleName="pixel_unpack" rtlName="reg_195" latency="0" BRAM="-1" DSP="-1" FF="-1" LUT="-1" fileDirectory="C:\Users\Ryan\Documents\University\EE315\Project\PYNQ-master\PYNQ-master\boards\ip\hls"><\/item>
<item  id="57" filename="pixel_unpack/pixel_unpack.cpp" linenumber="96" name="zext_ln414_5" contextFuncName="pixel_unpack" moduleName="pixel_unpack" rtlName="zext_ln414_5_fu_232_p1" latency="0" BRAM="-1" DSP="-1" FF="-1" LUT="-1" fileDirectory="C:\Users\Ryan\Documents\University\EE315\Project\PYNQ-master\PYNQ-master\boards\ip\hls"><\/item>
<item  id="72" filename="pixel_unpack/pixel_unpack.cpp" linenumber="79" name="trunc_ln647_4" contextFuncName="pixel_unpack" moduleName="pixel_unpack" rtlName="trunc_ln647_4_fu_237_p1" latency="0" BRAM="-1" DSP="-1" FF="-1" LUT="-1" fileDirectory="C:\Users\Ryan\Documents\University\EE315\Project\PYNQ-master\PYNQ-master\boards\ip\hls"><\/item>
<item  id="73" filename="pixel_unpack/pixel_unpack.cpp" linenumber="79" name="zext_ln414" contextFuncName="pixel_unpack" moduleName="pixel_unpack" rtlName="zext_ln414_fu_241_p1" latency="0" BRAM="-1" DSP="-1" FF="-1" LUT="-1" fileDirectory="C:\Users\Ryan\Documents\University\EE315\Project\PYNQ-master\PYNQ-master\boards\ip\hls"><\/item>
<item  id="75" filename="pixel_unpack/pixel_unpack.cpp" linenumber="79" name="p_Result_5_1" contextFuncName="pixel_unpack" moduleName="pixel_unpack" rtlName="reg_183" latency="0" BRAM="-1" DSP="-1" FF="-1" LUT="-1" fileDirectory="C:\Users\Ryan\Documents\University\EE315\Project\PYNQ-master\PYNQ-master\boards\ip\hls"><\/item>
<item  id="76" filename="pixel_unpack/pixel_unpack.cpp" linenumber="79" name="zext_ln414_1" contextFuncName="pixel_unpack" moduleName="pixel_unpack" rtlName="zext_ln414_1_fu_246_p1" latency="0" BRAM="-1" DSP="-1" FF="-1" LUT="-1" fileDirectory="C:\Users\Ryan\Documents\University\EE315\Project\PYNQ-master\PYNQ-master\boards\ip\hls"><\/item>
<item  id="78" filename="pixel_unpack/pixel_unpack.cpp" linenumber="79" name="p_Result_5_2" contextFuncName="pixel_unpack" moduleName="pixel_unpack" rtlName="reg_191" latency="0" BRAM="-1" DSP="-1" FF="-1" LUT="-1" fileDirectory="C:\Users\Ryan\Documents\University\EE315\Project\PYNQ-master\PYNQ-master\boards\ip\hls"><\/item>
<item  id="79" filename="pixel_unpack/pixel_unpack.cpp" linenumber="79" name="zext_ln414_2" contextFuncName="pixel_unpack" moduleName="pixel_unpack" rtlName="zext_ln414_2_fu_251_p1" latency="0" BRAM="-1" DSP="-1" FF="-1" LUT="-1" fileDirectory="C:\Users\Ryan\Documents\University\EE315\Project\PYNQ-master\PYNQ-master\boards\ip\hls"><\/item>
<item  id="81" filename="pixel_unpack/pixel_unpack.cpp" linenumber="79" name="p_Result_5_3" contextFuncName="pixel_unpack" moduleName="pixel_unpack" rtlName="reg_187" latency="0" BRAM="-1" DSP="-1" FF="-1" LUT="-1" fileDirectory="C:\Users\Ryan\Documents\University\EE315\Project\PYNQ-master\PYNQ-master\boards\ip\hls"><\/item>
<item  id="82" filename="pixel_unpack/pixel_unpack.cpp" linenumber="79" name="zext_ln414_3" contextFuncName="pixel_unpack" moduleName="pixel_unpack" rtlName="zext_ln414_3_fu_256_p1" latency="0" BRAM="-1" DSP="-1" FF="-1" LUT="-1" fileDirectory="C:\Users\Ryan\Documents\University\EE315\Project\PYNQ-master\PYNQ-master\boards\ip\hls"><\/item>
<item  id="97" filename="pixel_unpack/pixel_unpack.cpp" linenumber="62" name="trunc_ln647_3" contextFuncName="pixel_unpack" moduleName="pixel_unpack" rtlName="trunc_ln647_3_fu_261_p1" latency="0" BRAM="-1" DSP="-1" FF="-1" LUT="-1" fileDirectory="C:\Users\Ryan\Documents\University\EE315\Project\PYNQ-master\PYNQ-master\boards\ip\hls"><\/item>
<item  id="120" filename="pixel_unpack/pixel_unpack.cpp" linenumber="45" name="or_ln718" contextFuncName="pixel_unpack" moduleName="pixel_unpack" rtlName="or_ln718_fu_294_p2" latency="0" BRAM="-1" DSP="-1" FF="0" LUT="2" fileDirectory="C:\Users\Ryan\Documents\University\EE315\Project\PYNQ-master\PYNQ-master\boards\ip\hls"><\/item>
<item  id="121" filename="pixel_unpack/pixel_unpack.cpp" linenumber="45" name="or_ln718_1" contextFuncName="pixel_unpack" moduleName="pixel_unpack" rtlName="or_ln718_1_fu_300_p2" latency="0" BRAM="-1" DSP="-1" FF="0" LUT="2" fileDirectory="C:\Users\Ryan\Documents\University\EE315\Project\PYNQ-master\PYNQ-master\boards\ip\hls"><\/item>
<item  id="122" filename="pixel_unpack/pixel_unpack.cpp" linenumber="46" name="or_ln46" contextFuncName="pixel_unpack" moduleName="pixel_unpack" rtlName="or_ln46_fu_307_p2" latency="0" BRAM="-1" DSP="-1" FF="0" LUT="2" fileDirectory="C:\Users\Ryan\Documents\University\EE315\Project\PYNQ-master\PYNQ-master\boards\ip\hls"><\/item>
<item  id="123" filename="pixel_unpack/pixel_unpack.cpp" linenumber="46" name="or_ln46_1" contextFuncName="pixel_unpack" moduleName="pixel_unpack" rtlName="or_ln46_1_fu_313_p2" latency="0" BRAM="-1" DSP="-1" FF="0" LUT="2" fileDirectory="C:\Users\Ryan\Documents\University\EE315\Project\PYNQ-master\PYNQ-master\boards\ip\hls"><\/item>
<item  id="124" filename="pixel_unpack/pixel_unpack.cpp" linenumber="50" name="trunc_ln647" contextFuncName="pixel_unpack" moduleName="pixel_unpack" rtlName="trunc_ln647_fu_266_p1" latency="0" BRAM="-1" DSP="-1" FF="-1" LUT="-1" fileDirectory="C:\Users\Ryan\Documents\University\EE315\Project\PYNQ-master\PYNQ-master\boards\ip\hls"><\/item>
<item  id="126" filename="pixel_unpack/pixel_unpack.cpp" linenumber="50" name="tmp_1" contextFuncName="pixel_unpack" moduleName="pixel_unpack" rtlName="reg_187" latency="0" BRAM="-1" DSP="-1" FF="-1" LUT="-1" fileDirectory="C:\Users\Ryan\Documents\University\EE315\Project\PYNQ-master\PYNQ-master\boards\ip\hls"><\/item>
<item  id="127" filename="pixel_unpack/pixel_unpack.cpp" linenumber="50" name="trunc_ln647_1" contextFuncName="pixel_unpack" moduleName="pixel_unpack" rtlName="trunc_ln647_1_fu_270_p1" latency="0" BRAM="-1" DSP="-1" FF="-1" LUT="-1" fileDirectory="C:\Users\Ryan\Documents\University\EE315\Project\PYNQ-master\PYNQ-master\boards\ip\hls"><\/item>
<item  id="128" filename="pixel_unpack/pixel_unpack.cpp" linenumber="50" name="p_Result_3_1" contextFuncName="pixel_unpack" moduleName="pixel_unpack" rtlName="p_Result_3_1_fu_333_p3" latency="0" BRAM="-1" DSP="-1" FF="-1" LUT="-1" fileDirectory="C:\Users\Ryan\Documents\University\EE315\Project\PYNQ-master\PYNQ-master\boards\ip\hls"><\/item>
<item  id="130" filename="pixel_unpack/pixel_unpack.cpp" linenumber="50" name="tmp_3" contextFuncName="pixel_unpack" moduleName="pixel_unpack" rtlName="reg_195" latency="0" BRAM="-1" DSP="-1" FF="-1" LUT="-1" fileDirectory="C:\Users\Ryan\Documents\University\EE315\Project\PYNQ-master\PYNQ-master\boards\ip\hls"><\/item>
<item  id="131" filename="pixel_unpack/pixel_unpack.cpp" linenumber="50" name="trunc_ln647_2" contextFuncName="pixel_unpack" moduleName="pixel_unpack" rtlName="trunc_ln647_2_fu_319_p1" latency="0" BRAM="-1" DSP="-1" FF="-1" LUT="-1" fileDirectory="C:\Users\Ryan\Documents\University\EE315\Project\PYNQ-master\PYNQ-master\boards\ip\hls"><\/item>
<item  id="132" filename="pixel_unpack/pixel_unpack.cpp" linenumber="50" name="p_Result_3_2" contextFuncName="pixel_unpack" moduleName="pixel_unpack" rtlName="p_Result_3_2_fu_341_p3" latency="0" BRAM="-1" DSP="-1" FF="-1" LUT="-1" fileDirectory="C:\Users\Ryan\Documents\University\EE315\Project\PYNQ-master\PYNQ-master\boards\ip\hls"><\/item>
<item  id="134" filename="pixel_unpack/pixel_unpack.cpp" linenumber="50" name="p_Result_3_3" contextFuncName="pixel_unpack" moduleName="pixel_unpack" rtlName="p_Result_3_3_reg_475" latency="0" BRAM="-1" DSP="-1" FF="-1" LUT="-1" fileDirectory="C:\Users\Ryan\Documents\University\EE315\Project\PYNQ-master\PYNQ-master\boards\ip\hls"><\/item>
<\/annotationInfo>
</annotationInfo>
