<annotationInfo>
<annotationInfo>
<item  id="63" filename="color_convert/color_convert.cpp" linenumber="42" name="p_Repl2_s" contextFuncName="color_convert" moduleName="color_convert" rtlName="p_Repl2_s_fu_215_p1" latency="0" BRAM="-1" DSP="-1" FF="-1" LUT="-1" fileDirectory="C:\Users\Ryan\Documents\University\EE315\Project\PYNQ-master\PYNQ-master\boards\ip\hls"><\/item>
<item  id="64" filename="color_convert/color_convert.cpp" linenumber="43" name="p_Repl2_1" contextFuncName="color_convert" moduleName="color_convert" rtlName="p_Repl2_1_reg_925" latency="0" BRAM="-1" DSP="-1" FF="-1" LUT="-1" fileDirectory="C:\Users\Ryan\Documents\University\EE315\Project\PYNQ-master\PYNQ-master\boards\ip\hls"><\/item>
<item  id="65" filename="color_convert/color_convert.cpp" linenumber="44" name="p_Repl2_2" contextFuncName="color_convert" moduleName="color_convert" rtlName="p_Repl2_2_reg_930" latency="0" BRAM="-1" DSP="-1" FF="-1" LUT="-1" fileDirectory="C:\Users\Ryan\Documents\University\EE315\Project\PYNQ-master\PYNQ-master\boards\ip\hls"><\/item>
<item  id="66" filename="color_convert/color_convert.cpp" linenumber="46" name="r_V" contextFuncName="color_convert" moduleName="color_convert" rtlName="r_V_fu_239_p1" latency="0" BRAM="-1" DSP="-1" FF="-1" LUT="-1" fileDirectory="C:\Users\Ryan\Documents\University\EE315\Project\PYNQ-master\PYNQ-master\boards\ip\hls"><\/item>
<item  id="68" filename="color_convert/color_convert.cpp" linenumber="46" name="r_V_12" contextFuncName="color_convert" moduleName="color_convert" rtlName="r_V_12_fu_246_p2" latency="0" BRAM="-1" DSP="0" FF="0" LUT="63" fileDirectory="C:\Users\Ryan\Documents\University\EE315\Project\PYNQ-master\PYNQ-master\boards\ip\hls"><\/item>
<item  id="69" filename="color_convert/color_convert.cpp" linenumber="46" name="r_V_2" contextFuncName="color_convert" moduleName="color_convert" rtlName="r_V_2_fu_252_p1" latency="0" BRAM="-1" DSP="-1" FF="-1" LUT="-1" fileDirectory="C:\Users\Ryan\Documents\University\EE315\Project\PYNQ-master\PYNQ-master\boards\ip\hls"><\/item>
<item  id="71" filename="color_convert/color_convert.cpp" linenumber="46" name="r_V_13" contextFuncName="color_convert" moduleName="color_convert" rtlName="color_convert_macbkb_U1" latency="0" BRAM="-1" DSP="-1" FF="-1" LUT="-1" fileDirectory="C:\Users\Ryan\Documents\University\EE315\Project\PYNQ-master\PYNQ-master\boards\ip\hls"><\/item>
<item  id="73" filename="color_convert/color_convert.cpp" linenumber="46" name="rhs_V" contextFuncName="color_convert" moduleName="color_convert" rtlName="color_convert_macbkb_U1" latency="0" BRAM="-1" DSP="-1" FF="-1" LUT="-1" fileDirectory="C:\Users\Ryan\Documents\University\EE315\Project\PYNQ-master\PYNQ-master\boards\ip\hls"><\/item>
<item  id="74" filename="color_convert/color_convert.cpp" linenumber="46" name="ret_V_6" contextFuncName="color_convert" moduleName="color_convert" rtlName="color_convert_macbkb_U1" latency="0" BRAM="-1" DSP="-1" FF="-1" LUT="-1" fileDirectory="C:\Users\Ryan\Documents\University\EE315\Project\PYNQ-master\PYNQ-master\boards\ip\hls"><\/item>
<item  id="75" filename="color_convert/color_convert.cpp" linenumber="46" name="r_V_4" contextFuncName="color_convert" moduleName="color_convert" rtlName="r_V_4_fu_293_p1" latency="0" BRAM="-1" DSP="-1" FF="-1" LUT="-1" fileDirectory="C:\Users\Ryan\Documents\University\EE315\Project\PYNQ-master\PYNQ-master\boards\ip\hls"><\/item>
<item  id="77" filename="color_convert/color_convert.cpp" linenumber="46" name="r_V_14" contextFuncName="color_convert" moduleName="color_convert" rtlName="color_convert_maccud_U4" latency="0" BRAM="-1" DSP="-1" FF="-1" LUT="-1" fileDirectory="C:\Users\Ryan\Documents\University\EE315\Project\PYNQ-master\PYNQ-master\boards\ip\hls"><\/item>
<item  id="79" filename="color_convert/color_convert.cpp" linenumber="46" name="rhs_V_1" contextFuncName="color_convert" moduleName="color_convert" rtlName="color_convert_maccud_U4" latency="0" BRAM="-1" DSP="-1" FF="-1" LUT="-1" fileDirectory="C:\Users\Ryan\Documents\University\EE315\Project\PYNQ-master\PYNQ-master\boards\ip\hls"><\/item>
<item  id="80" filename="color_convert/color_convert.cpp" linenumber="46" name="ret_V_7" contextFuncName="color_convert" moduleName="color_convert" rtlName="color_convert_maccud_U4" latency="0" BRAM="-1" DSP="-1" FF="-1" LUT="-1" fileDirectory="C:\Users\Ryan\Documents\University\EE315\Project\PYNQ-master\PYNQ-master\boards\ip\hls"><\/item>
<item  id="81" filename="color_convert/color_convert.cpp" linenumber="46" name="rhs_V_2" contextFuncName="color_convert" moduleName="color_convert" rtlName="rhs_V_2_fu_314_p3" latency="0" BRAM="-1" DSP="-1" FF="-1" LUT="-1" fileDirectory="C:\Users\Ryan\Documents\University\EE315\Project\PYNQ-master\PYNQ-master\boards\ip\hls"><\/item>
<item  id="82" filename="color_convert/color_convert.cpp" linenumber="46" name="sext_ln728" contextFuncName="color_convert" moduleName="color_convert" rtlName="sext_ln728_fu_321_p1" latency="0" BRAM="-1" DSP="-1" FF="-1" LUT="-1" fileDirectory="C:\Users\Ryan\Documents\University\EE315\Project\PYNQ-master\PYNQ-master\boards\ip\hls"><\/item>
<item  id="83" filename="color_convert/color_convert.cpp" linenumber="46" name="ret_V_8" contextFuncName="color_convert" moduleName="color_convert" rtlName="ret_V_8_fu_325_p2" latency="0" BRAM="-1" DSP="-1" FF="0" LUT="27" fileDirectory="C:\Users\Ryan\Documents\University\EE315\Project\PYNQ-master\PYNQ-master\boards\ip\hls"><\/item>
<item  id="84" filename="color_convert/color_convert.cpp" linenumber="46" name="p_Result_s" contextFuncName="color_convert" moduleName="color_convert" rtlName="p_Result_s_reg_1036" latency="0" BRAM="-1" DSP="-1" FF="-1" LUT="-1" fileDirectory="C:\Users\Ryan\Documents\University\EE315\Project\PYNQ-master\PYNQ-master\boards\ip\hls"><\/item>
<item  id="85" filename="color_convert/color_convert.cpp" linenumber="46" name="p_Val2_6" contextFuncName="color_convert" moduleName="color_convert" rtlName="p_Val2_6_fu_338_p4" latency="0" BRAM="-1" DSP="-1" FF="-1" LUT="-1" fileDirectory="C:\Users\Ryan\Documents\University\EE315\Project\PYNQ-master\PYNQ-master\boards\ip\hls"><\/item>
<item  id="86" filename="color_convert/color_convert.cpp" linenumber="46" name="p_Result_1" contextFuncName="color_convert" moduleName="color_convert" rtlName="p_Result_1_fu_348_p3" latency="0" BRAM="-1" DSP="-1" FF="-1" LUT="-1" fileDirectory="C:\Users\Ryan\Documents\University\EE315\Project\PYNQ-master\PYNQ-master\boards\ip\hls"><\/item>
<item  id="87" filename="color_convert/color_convert.cpp" linenumber="46" name="tmp_5" contextFuncName="color_convert" moduleName="color_convert" rtlName="tmp_5_fu_356_p3" latency="0" BRAM="-1" DSP="-1" FF="-1" LUT="-1" fileDirectory="C:\Users\Ryan\Documents\University\EE315\Project\PYNQ-master\PYNQ-master\boards\ip\hls"><\/item>
<item  id="88" filename="color_convert/color_convert.cpp" linenumber="46" name="zext_ln415" contextFuncName="color_convert" moduleName="color_convert" rtlName="zext_ln415_fu_364_p1" latency="0" BRAM="-1" DSP="-1" FF="-1" LUT="-1" fileDirectory="C:\Users\Ryan\Documents\University\EE315\Project\PYNQ-master\PYNQ-master\boards\ip\hls"><\/item>
<item  id="89" filename="color_convert/color_convert.cpp" linenumber="46" name="p_Val2_7" contextFuncName="color_convert" moduleName="color_convert" rtlName="p_Val2_7_fu_368_p2" latency="0" BRAM="-1" DSP="-1" FF="0" LUT="15" fileDirectory="C:\Users\Ryan\Documents\University\EE315\Project\PYNQ-master\PYNQ-master\boards\ip\hls"><\/item>
<item  id="90" filename="color_convert/color_convert.cpp" linenumber="46" name="tmp_6" contextFuncName="color_convert" moduleName="color_convert" rtlName="tmp_6_fu_374_p3" latency="0" BRAM="-1" DSP="-1" FF="-1" LUT="-1" fileDirectory="C:\Users\Ryan\Documents\University\EE315\Project\PYNQ-master\PYNQ-master\boards\ip\hls"><\/item>
<item  id="91" filename="color_convert/color_convert.cpp" linenumber="46" name="xor_ln416" contextFuncName="color_convert" moduleName="color_convert" rtlName="xor_ln416_fu_382_p2" latency="0" BRAM="-1" DSP="-1" FF="0" LUT="2" fileDirectory="C:\Users\Ryan\Documents\University\EE315\Project\PYNQ-master\PYNQ-master\boards\ip\hls"><\/item>
<item  id="92" filename="color_convert/color_convert.cpp" linenumber="46" name="carry_1" contextFuncName="color_convert" moduleName="color_convert" rtlName="carry_1_fu_388_p2" latency="0" BRAM="-1" DSP="-1" FF="0" LUT="2" fileDirectory="C:\Users\Ryan\Documents\University\EE315\Project\PYNQ-master\PYNQ-master\boards\ip\hls"><\/item>
<item  id="93" filename="color_convert/color_convert.cpp" linenumber="46" name="tmp" contextFuncName="color_convert" moduleName="color_convert" rtlName="tmp_fu_394_p4" latency="0" BRAM="-1" DSP="-1" FF="-1" LUT="-1" fileDirectory="C:\Users\Ryan\Documents\University\EE315\Project\PYNQ-master\PYNQ-master\boards\ip\hls"><\/item>
<item  id="94" filename="color_convert/color_convert.cpp" linenumber="46" name="Range1_all_ones" contextFuncName="color_convert" moduleName="color_convert" rtlName="Range1_all_ones_fu_404_p2" latency="0" BRAM="-1" DSP="-1" FF="0" LUT="9" fileDirectory="C:\Users\Ryan\Documents\University\EE315\Project\PYNQ-master\PYNQ-master\boards\ip\hls"><\/item>
<item  id="95" filename="color_convert/color_convert.cpp" linenumber="46" name="Range1_all_zeros" contextFuncName="color_convert" moduleName="color_convert" rtlName="Range1_all_zeros_fu_410_p2" latency="0" BRAM="-1" DSP="-1" FF="0" LUT="9" fileDirectory="C:\Users\Ryan\Documents\University\EE315\Project\PYNQ-master\PYNQ-master\boards\ip\hls"><\/item>
<item  id="96" filename="color_convert/color_convert.cpp" linenumber="46" name="deleted_zeros" contextFuncName="color_convert" moduleName="color_convert" rtlName="deleted_zeros_fu_416_p3" latency="0" BRAM="-1" DSP="-1" FF="0" LUT="2" fileDirectory="C:\Users\Ryan\Documents\University\EE315\Project\PYNQ-master\PYNQ-master\boards\ip\hls"><\/item>
<item  id="97" filename="color_convert/color_convert.cpp" linenumber="46" name="and_ln781" contextFuncName="color_convert" moduleName="color_convert" rtlName="and_ln781_fu_424_p2" latency="0" BRAM="-1" DSP="-1" FF="0" LUT="2" fileDirectory="C:\Users\Ryan\Documents\University\EE315\Project\PYNQ-master\PYNQ-master\boards\ip\hls"><\/item>
<item  id="98" filename="color_convert/color_convert.cpp" linenumber="46" name="xor_ln781" contextFuncName="color_convert" moduleName="color_convert" rtlName="xor_ln781_fu_680_p2" latency="0" BRAM="-1" DSP="-1" FF="0" LUT="2" fileDirectory="C:\Users\Ryan\Documents\University\EE315\Project\PYNQ-master\PYNQ-master\boards\ip\hls"><\/item>
<item  id="99" filename="color_convert/color_convert.cpp" linenumber="46" name="neg_src" contextFuncName="color_convert" moduleName="color_convert" rtlName="neg_src_fu_685_p2" latency="0" BRAM="-1" DSP="-1" FF="0" LUT="2" fileDirectory="C:\Users\Ryan\Documents\University\EE315\Project\PYNQ-master\PYNQ-master\boards\ip\hls"><\/item>
<item  id="100" filename="color_convert/color_convert.cpp" linenumber="46" name="or_ln785" contextFuncName="color_convert" moduleName="color_convert" rtlName="or_ln785_fu_430_p2" latency="0" BRAM="-1" DSP="-1" FF="0" LUT="2" fileDirectory="C:\Users\Ryan\Documents\University\EE315\Project\PYNQ-master\PYNQ-master\boards\ip\hls"><\/item>
<item  id="101" filename="color_convert/color_convert.cpp" linenumber="46" name="overflow" contextFuncName="color_convert" moduleName="color_convert" rtlName="overflow_fu_690_p2" latency="0" BRAM="-1" DSP="-1" FF="0" LUT="2" fileDirectory="C:\Users\Ryan\Documents\University\EE315\Project\PYNQ-master\PYNQ-master\boards\ip\hls"><\/item>
<item  id="102" filename="color_convert/color_convert.cpp" linenumber="46" name="xor_ln340_1" contextFuncName="color_convert" moduleName="color_convert" rtlName="xor_ln340_1_fu_695_p2" latency="0" BRAM="-1" DSP="-1" FF="0" LUT="2" fileDirectory="C:\Users\Ryan\Documents\University\EE315\Project\PYNQ-master\PYNQ-master\boards\ip\hls"><\/item>
<item  id="103" filename="color_convert/color_convert.cpp" linenumber="46" name="or_ln340_3" contextFuncName="color_convert" moduleName="color_convert" rtlName="or_ln340_3_fu_700_p2" latency="0" BRAM="-1" DSP="-1" FF="0" LUT="2" fileDirectory="C:\Users\Ryan\Documents\University\EE315\Project\PYNQ-master\PYNQ-master\boards\ip\hls"><\/item>
<item  id="104" filename="color_convert/color_convert.cpp" linenumber="46" name="and_ln340" contextFuncName="color_convert" moduleName="color_convert" rtlName="and_ln340_fu_705_p2" latency="0" BRAM="-1" DSP="-1" FF="0" LUT="2" fileDirectory="C:\Users\Ryan\Documents\University\EE315\Project\PYNQ-master\PYNQ-master\boards\ip\hls"><\/item>
<item  id="105" filename="color_convert/color_convert.cpp" linenumber="46" name="or_ln340" contextFuncName="color_convert" moduleName="color_convert" rtlName="or_ln340_fu_710_p2" latency="0" BRAM="-1" DSP="-1" FF="0" LUT="2" fileDirectory="C:\Users\Ryan\Documents\University\EE315\Project\PYNQ-master\PYNQ-master\boards\ip\hls"><\/item>
<item  id="106" filename="color_convert/color_convert.cpp" linenumber="46" name="select_ln340" contextFuncName="color_convert" moduleName="color_convert" rtlName="select_ln340_fu_716_p3" latency="0" BRAM="-1" DSP="-1" FF="0" LUT="8" fileDirectory="C:\Users\Ryan\Documents\University\EE315\Project\PYNQ-master\PYNQ-master\boards\ip\hls"><\/item>
<item  id="107" filename="color_convert/color_convert.cpp" linenumber="46" name="select_ln396" contextFuncName="color_convert" moduleName="color_convert" rtlName="select_ln396_fu_723_p3" latency="0" BRAM="-1" DSP="-1" FF="0" LUT="8" fileDirectory="C:\Users\Ryan\Documents\University\EE315\Project\PYNQ-master\PYNQ-master\boards\ip\hls"><\/item>
<item  id="108" filename="color_convert/color_convert.cpp" linenumber="46" name="out1_V" contextFuncName="color_convert" moduleName="color_convert" rtlName="out1_V_fu_730_p3" latency="0" BRAM="-1" DSP="-1" FF="0" LUT="8" fileDirectory="C:\Users\Ryan\Documents\University\EE315\Project\PYNQ-master\PYNQ-master\boards\ip\hls"><\/item>
<item  id="110" filename="color_convert/color_convert.cpp" linenumber="47" name="r_V_15" contextFuncName="color_convert" moduleName="color_convert" rtlName="color_convert_macbkb_U2" latency="0" BRAM="-1" DSP="-1" FF="-1" LUT="-1" fileDirectory="C:\Users\Ryan\Documents\University\EE315\Project\PYNQ-master\PYNQ-master\boards\ip\hls"><\/item>
<item  id="112" filename="color_convert/color_convert.cpp" linenumber="47" name="r_V_16" contextFuncName="color_convert" moduleName="color_convert" rtlName="r_V_16_fu_259_p2" latency="0" BRAM="-1" DSP="0" FF="0" LUT="63" fileDirectory="C:\Users\Ryan\Documents\University\EE315\Project\PYNQ-master\PYNQ-master\boards\ip\hls"><\/item>
<item  id="113" filename="color_convert/color_convert.cpp" linenumber="47" name="lhs_V_2" contextFuncName="color_convert" moduleName="color_convert" rtlName="color_convert_macbkb_U2" latency="0" BRAM="-1" DSP="-1" FF="-1" LUT="-1" fileDirectory="C:\Users\Ryan\Documents\University\EE315\Project\PYNQ-master\PYNQ-master\boards\ip\hls"><\/item>
<item  id="115" filename="color_convert/color_convert.cpp" linenumber="47" name="ret_V" contextFuncName="color_convert" moduleName="color_convert" rtlName="color_convert_macbkb_U2" latency="0" BRAM="-1" DSP="-1" FF="-1" LUT="-1" fileDirectory="C:\Users\Ryan\Documents\University\EE315\Project\PYNQ-master\PYNQ-master\boards\ip\hls"><\/item>
<item  id="117" filename="color_convert/color_convert.cpp" linenumber="47" name="r_V_17" contextFuncName="color_convert" moduleName="color_convert" rtlName="color_convert_maccud_U5" latency="0" BRAM="-1" DSP="-1" FF="-1" LUT="-1" fileDirectory="C:\Users\Ryan\Documents\University\EE315\Project\PYNQ-master\PYNQ-master\boards\ip\hls"><\/item>
<item  id="119" filename="color_convert/color_convert.cpp" linenumber="47" name="rhs_V_4" contextFuncName="color_convert" moduleName="color_convert" rtlName="color_convert_maccud_U5" latency="0" BRAM="-1" DSP="-1" FF="-1" LUT="-1" fileDirectory="C:\Users\Ryan\Documents\University\EE315\Project\PYNQ-master\PYNQ-master\boards\ip\hls"><\/item>
<item  id="120" filename="color_convert/color_convert.cpp" linenumber="47" name="ret_V_9" contextFuncName="color_convert" moduleName="color_convert" rtlName="color_convert_maccud_U5" latency="0" BRAM="-1" DSP="-1" FF="-1" LUT="-1" fileDirectory="C:\Users\Ryan\Documents\University\EE315\Project\PYNQ-master\PYNQ-master\boards\ip\hls"><\/item>
<item  id="121" filename="color_convert/color_convert.cpp" linenumber="47" name="rhs_V_5" contextFuncName="color_convert" moduleName="color_convert" rtlName="rhs_V_5_fu_436_p3" latency="0" BRAM="-1" DSP="-1" FF="-1" LUT="-1" fileDirectory="C:\Users\Ryan\Documents\University\EE315\Project\PYNQ-master\PYNQ-master\boards\ip\hls"><\/item>
<item  id="122" filename="color_convert/color_convert.cpp" linenumber="47" name="sext_ln728_1" contextFuncName="color_convert" moduleName="color_convert" rtlName="sext_ln728_1_fu_443_p1" latency="0" BRAM="-1" DSP="-1" FF="-1" LUT="-1" fileDirectory="C:\Users\Ryan\Documents\University\EE315\Project\PYNQ-master\PYNQ-master\boards\ip\hls"><\/item>
<item  id="123" filename="color_convert/color_convert.cpp" linenumber="47" name="ret_V_10" contextFuncName="color_convert" moduleName="color_convert" rtlName="ret_V_10_fu_447_p2" latency="0" BRAM="-1" DSP="-1" FF="0" LUT="27" fileDirectory="C:\Users\Ryan\Documents\University\EE315\Project\PYNQ-master\PYNQ-master\boards\ip\hls"><\/item>
<item  id="124" filename="color_convert/color_convert.cpp" linenumber="47" name="p_Result_2" contextFuncName="color_convert" moduleName="color_convert" rtlName="p_Result_2_reg_1060" latency="0" BRAM="-1" DSP="-1" FF="-1" LUT="-1" fileDirectory="C:\Users\Ryan\Documents\University\EE315\Project\PYNQ-master\PYNQ-master\boards\ip\hls"><\/item>
<item  id="125" filename="color_convert/color_convert.cpp" linenumber="47" name="p_Val2_14" contextFuncName="color_convert" moduleName="color_convert" rtlName="p_Val2_14_fu_460_p4" latency="0" BRAM="-1" DSP="-1" FF="-1" LUT="-1" fileDirectory="C:\Users\Ryan\Documents\University\EE315\Project\PYNQ-master\PYNQ-master\boards\ip\hls"><\/item>
<item  id="126" filename="color_convert/color_convert.cpp" linenumber="47" name="p_Result_3" contextFuncName="color_convert" moduleName="color_convert" rtlName="p_Result_3_fu_470_p3" latency="0" BRAM="-1" DSP="-1" FF="-1" LUT="-1" fileDirectory="C:\Users\Ryan\Documents\University\EE315\Project\PYNQ-master\PYNQ-master\boards\ip\hls"><\/item>
<item  id="127" filename="color_convert/color_convert.cpp" linenumber="47" name="tmp_9" contextFuncName="color_convert" moduleName="color_convert" rtlName="tmp_9_fu_478_p3" latency="0" BRAM="-1" DSP="-1" FF="-1" LUT="-1" fileDirectory="C:\Users\Ryan\Documents\University\EE315\Project\PYNQ-master\PYNQ-master\boards\ip\hls"><\/item>
<item  id="128" filename="color_convert/color_convert.cpp" linenumber="47" name="zext_ln415_1" contextFuncName="color_convert" moduleName="color_convert" rtlName="zext_ln415_1_fu_486_p1" latency="0" BRAM="-1" DSP="-1" FF="-1" LUT="-1" fileDirectory="C:\Users\Ryan\Documents\University\EE315\Project\PYNQ-master\PYNQ-master\boards\ip\hls"><\/item>
<item  id="129" filename="color_convert/color_convert.cpp" linenumber="47" name="p_Val2_15" contextFuncName="color_convert" moduleName="color_convert" rtlName="p_Val2_15_fu_490_p2" latency="0" BRAM="-1" DSP="-1" FF="0" LUT="15" fileDirectory="C:\Users\Ryan\Documents\University\EE315\Project\PYNQ-master\PYNQ-master\boards\ip\hls"><\/item>
<item  id="130" filename="color_convert/color_convert.cpp" linenumber="47" name="tmp_10" contextFuncName="color_convert" moduleName="color_convert" rtlName="tmp_10_fu_496_p3" latency="0" BRAM="-1" DSP="-1" FF="-1" LUT="-1" fileDirectory="C:\Users\Ryan\Documents\University\EE315\Project\PYNQ-master\PYNQ-master\boards\ip\hls"><\/item>
<item  id="131" filename="color_convert/color_convert.cpp" linenumber="47" name="xor_ln416_1" contextFuncName="color_convert" moduleName="color_convert" rtlName="xor_ln416_1_fu_504_p2" latency="0" BRAM="-1" DSP="-1" FF="0" LUT="2" fileDirectory="C:\Users\Ryan\Documents\University\EE315\Project\PYNQ-master\PYNQ-master\boards\ip\hls"><\/item>
<item  id="132" filename="color_convert/color_convert.cpp" linenumber="47" name="carry_3" contextFuncName="color_convert" moduleName="color_convert" rtlName="carry_3_fu_510_p2" latency="0" BRAM="-1" DSP="-1" FF="0" LUT="2" fileDirectory="C:\Users\Ryan\Documents\University\EE315\Project\PYNQ-master\PYNQ-master\boards\ip\hls"><\/item>
<item  id="133" filename="color_convert/color_convert.cpp" linenumber="47" name="tmp_1" contextFuncName="color_convert" moduleName="color_convert" rtlName="tmp_1_fu_516_p4" latency="0" BRAM="-1" DSP="-1" FF="-1" LUT="-1" fileDirectory="C:\Users\Ryan\Documents\University\EE315\Project\PYNQ-master\PYNQ-master\boards\ip\hls"><\/item>
<item  id="134" filename="color_convert/color_convert.cpp" linenumber="47" name="Range1_all_ones_1" contextFuncName="color_convert" moduleName="color_convert" rtlName="Range1_all_ones_1_fu_526_p2" latency="0" BRAM="-1" DSP="-1" FF="0" LUT="9" fileDirectory="C:\Users\Ryan\Documents\University\EE315\Project\PYNQ-master\PYNQ-master\boards\ip\hls"><\/item>
<item  id="135" filename="color_convert/color_convert.cpp" linenumber="47" name="Range1_all_zeros_1" contextFuncName="color_convert" moduleName="color_convert" rtlName="Range1_all_zeros_1_fu_532_p2" latency="0" BRAM="-1" DSP="-1" FF="0" LUT="9" fileDirectory="C:\Users\Ryan\Documents\University\EE315\Project\PYNQ-master\PYNQ-master\boards\ip\hls"><\/item>
<item  id="136" filename="color_convert/color_convert.cpp" linenumber="47" name="deleted_zeros_1" contextFuncName="color_convert" moduleName="color_convert" rtlName="deleted_zeros_1_fu_538_p3" latency="0" BRAM="-1" DSP="-1" FF="0" LUT="2" fileDirectory="C:\Users\Ryan\Documents\University\EE315\Project\PYNQ-master\PYNQ-master\boards\ip\hls"><\/item>
<item  id="137" filename="color_convert/color_convert.cpp" linenumber="47" name="and_ln781_1" contextFuncName="color_convert" moduleName="color_convert" rtlName="and_ln781_1_fu_546_p2" latency="0" BRAM="-1" DSP="-1" FF="0" LUT="2" fileDirectory="C:\Users\Ryan\Documents\University\EE315\Project\PYNQ-master\PYNQ-master\boards\ip\hls"><\/item>
<item  id="138" filename="color_convert/color_convert.cpp" linenumber="47" name="xor_ln781_1" contextFuncName="color_convert" moduleName="color_convert" rtlName="xor_ln781_1_fu_738_p2" latency="0" BRAM="-1" DSP="-1" FF="0" LUT="2" fileDirectory="C:\Users\Ryan\Documents\University\EE315\Project\PYNQ-master\PYNQ-master\boards\ip\hls"><\/item>
<item  id="139" filename="color_convert/color_convert.cpp" linenumber="47" name="neg_src_6" contextFuncName="color_convert" moduleName="color_convert" rtlName="neg_src_6_fu_743_p2" latency="0" BRAM="-1" DSP="-1" FF="0" LUT="2" fileDirectory="C:\Users\Ryan\Documents\University\EE315\Project\PYNQ-master\PYNQ-master\boards\ip\hls"><\/item>
<item  id="140" filename="color_convert/color_convert.cpp" linenumber="47" name="or_ln785_1" contextFuncName="color_convert" moduleName="color_convert" rtlName="or_ln785_1_fu_552_p2" latency="0" BRAM="-1" DSP="-1" FF="0" LUT="2" fileDirectory="C:\Users\Ryan\Documents\University\EE315\Project\PYNQ-master\PYNQ-master\boards\ip\hls"><\/item>
<item  id="141" filename="color_convert/color_convert.cpp" linenumber="47" name="overflow_1" contextFuncName="color_convert" moduleName="color_convert" rtlName="overflow_1_fu_748_p2" latency="0" BRAM="-1" DSP="-1" FF="0" LUT="2" fileDirectory="C:\Users\Ryan\Documents\University\EE315\Project\PYNQ-master\PYNQ-master\boards\ip\hls"><\/item>
<item  id="142" filename="color_convert/color_convert.cpp" linenumber="47" name="xor_ln340" contextFuncName="color_convert" moduleName="color_convert" rtlName="xor_ln340_fu_753_p2" latency="0" BRAM="-1" DSP="-1" FF="0" LUT="2" fileDirectory="C:\Users\Ryan\Documents\University\EE315\Project\PYNQ-master\PYNQ-master\boards\ip\hls"><\/item>
<item  id="143" filename="color_convert/color_convert.cpp" linenumber="47" name="or_ln340_4" contextFuncName="color_convert" moduleName="color_convert" rtlName="or_ln340_4_fu_758_p2" latency="0" BRAM="-1" DSP="-1" FF="0" LUT="2" fileDirectory="C:\Users\Ryan\Documents\University\EE315\Project\PYNQ-master\PYNQ-master\boards\ip\hls"><\/item>
<item  id="144" filename="color_convert/color_convert.cpp" linenumber="47" name="and_ln340_1" contextFuncName="color_convert" moduleName="color_convert" rtlName="and_ln340_1_fu_763_p2" latency="0" BRAM="-1" DSP="-1" FF="0" LUT="2" fileDirectory="C:\Users\Ryan\Documents\University\EE315\Project\PYNQ-master\PYNQ-master\boards\ip\hls"><\/item>
<item  id="145" filename="color_convert/color_convert.cpp" linenumber="47" name="or_ln340_1" contextFuncName="color_convert" moduleName="color_convert" rtlName="or_ln340_1_fu_768_p2" latency="0" BRAM="-1" DSP="-1" FF="0" LUT="2" fileDirectory="C:\Users\Ryan\Documents\University\EE315\Project\PYNQ-master\PYNQ-master\boards\ip\hls"><\/item>
<item  id="146" filename="color_convert/color_convert.cpp" linenumber="47" name="select_ln340_1" contextFuncName="color_convert" moduleName="color_convert" rtlName="select_ln340_1_fu_774_p3" latency="0" BRAM="-1" DSP="-1" FF="0" LUT="8" fileDirectory="C:\Users\Ryan\Documents\University\EE315\Project\PYNQ-master\PYNQ-master\boards\ip\hls"><\/item>
<item  id="147" filename="color_convert/color_convert.cpp" linenumber="47" name="select_ln396_1" contextFuncName="color_convert" moduleName="color_convert" rtlName="select_ln396_1_fu_781_p3" latency="0" BRAM="-1" DSP="-1" FF="0" LUT="8" fileDirectory="C:\Users\Ryan\Documents\University\EE315\Project\PYNQ-master\PYNQ-master\boards\ip\hls"><\/item>
<item  id="148" filename="color_convert/color_convert.cpp" linenumber="47" name="out2_V" contextFuncName="color_convert" moduleName="color_convert" rtlName="out2_V_fu_788_p3" latency="0" BRAM="-1" DSP="-1" FF="0" LUT="8" fileDirectory="C:\Users\Ryan\Documents\University\EE315\Project\PYNQ-master\PYNQ-master\boards\ip\hls"><\/item>
<item  id="150" filename="color_convert/color_convert.cpp" linenumber="48" name="r_V_18" contextFuncName="color_convert" moduleName="color_convert" rtlName="color_convert_macbkb_U3" latency="0" BRAM="-1" DSP="-1" FF="-1" LUT="-1" fileDirectory="C:\Users\Ryan\Documents\University\EE315\Project\PYNQ-master\PYNQ-master\boards\ip\hls"><\/item>
<item  id="152" filename="color_convert/color_convert.cpp" linenumber="48" name="r_V_19" contextFuncName="color_convert" moduleName="color_convert" rtlName="r_V_19_fu_269_p2" latency="0" BRAM="-1" DSP="0" FF="0" LUT="63" fileDirectory="C:\Users\Ryan\Documents\University\EE315\Project\PYNQ-master\PYNQ-master\boards\ip\hls"><\/item>
<item  id="153" filename="color_convert/color_convert.cpp" linenumber="48" name="lhs_V_4" contextFuncName="color_convert" moduleName="color_convert" rtlName="color_convert_macbkb_U3" latency="0" BRAM="-1" DSP="-1" FF="-1" LUT="-1" fileDirectory="C:\Users\Ryan\Documents\University\EE315\Project\PYNQ-master\PYNQ-master\boards\ip\hls"><\/item>
<item  id="155" filename="color_convert/color_convert.cpp" linenumber="48" name="ret_V_11" contextFuncName="color_convert" moduleName="color_convert" rtlName="color_convert_macbkb_U3" latency="0" BRAM="-1" DSP="-1" FF="-1" LUT="-1" fileDirectory="C:\Users\Ryan\Documents\University\EE315\Project\PYNQ-master\PYNQ-master\boards\ip\hls"><\/item>
<item  id="157" filename="color_convert/color_convert.cpp" linenumber="48" name="r_V_20" contextFuncName="color_convert" moduleName="color_convert" rtlName="color_convert_maccud_U6" latency="0" BRAM="-1" DSP="-1" FF="-1" LUT="-1" fileDirectory="C:\Users\Ryan\Documents\University\EE315\Project\PYNQ-master\PYNQ-master\boards\ip\hls"><\/item>
<item  id="159" filename="color_convert/color_convert.cpp" linenumber="48" name="rhs_V_7" contextFuncName="color_convert" moduleName="color_convert" rtlName="color_convert_maccud_U6" latency="0" BRAM="-1" DSP="-1" FF="-1" LUT="-1" fileDirectory="C:\Users\Ryan\Documents\University\EE315\Project\PYNQ-master\PYNQ-master\boards\ip\hls"><\/item>
<item  id="160" filename="color_convert/color_convert.cpp" linenumber="48" name="ret_V_12" contextFuncName="color_convert" moduleName="color_convert" rtlName="color_convert_maccud_U6" latency="0" BRAM="-1" DSP="-1" FF="-1" LUT="-1" fileDirectory="C:\Users\Ryan\Documents\University\EE315\Project\PYNQ-master\PYNQ-master\boards\ip\hls"><\/item>
<item  id="161" filename="color_convert/color_convert.cpp" linenumber="48" name="rhs_V_8" contextFuncName="color_convert" moduleName="color_convert" rtlName="rhs_V_8_fu_558_p3" latency="0" BRAM="-1" DSP="-1" FF="-1" LUT="-1" fileDirectory="C:\Users\Ryan\Documents\University\EE315\Project\PYNQ-master\PYNQ-master\boards\ip\hls"><\/item>
<item  id="162" filename="color_convert/color_convert.cpp" linenumber="48" name="sext_ln728_2" contextFuncName="color_convert" moduleName="color_convert" rtlName="sext_ln728_2_fu_565_p1" latency="0" BRAM="-1" DSP="-1" FF="-1" LUT="-1" fileDirectory="C:\Users\Ryan\Documents\University\EE315\Project\PYNQ-master\PYNQ-master\boards\ip\hls"><\/item>
<item  id="163" filename="color_convert/color_convert.cpp" linenumber="48" name="ret_V_13" contextFuncName="color_convert" moduleName="color_convert" rtlName="ret_V_13_fu_569_p2" latency="0" BRAM="-1" DSP="-1" FF="0" LUT="27" fileDirectory="C:\Users\Ryan\Documents\University\EE315\Project\PYNQ-master\PYNQ-master\boards\ip\hls"><\/item>
<item  id="164" filename="color_convert/color_convert.cpp" linenumber="48" name="p_Result_4" contextFuncName="color_convert" moduleName="color_convert" rtlName="p_Result_4_reg_1084" latency="0" BRAM="-1" DSP="-1" FF="-1" LUT="-1" fileDirectory="C:\Users\Ryan\Documents\University\EE315\Project\PYNQ-master\PYNQ-master\boards\ip\hls"><\/item>
<item  id="165" filename="color_convert/color_convert.cpp" linenumber="48" name="p_Val2_22" contextFuncName="color_convert" moduleName="color_convert" rtlName="p_Val2_22_fu_582_p4" latency="0" BRAM="-1" DSP="-1" FF="-1" LUT="-1" fileDirectory="C:\Users\Ryan\Documents\University\EE315\Project\PYNQ-master\PYNQ-master\boards\ip\hls"><\/item>
<item  id="166" filename="color_convert/color_convert.cpp" linenumber="48" name="p_Result_5" contextFuncName="color_convert" moduleName="color_convert" rtlName="p_Result_5_fu_592_p3" latency="0" BRAM="-1" DSP="-1" FF="-1" LUT="-1" fileDirectory="C:\Users\Ryan\Documents\University\EE315\Project\PYNQ-master\PYNQ-master\boards\ip\hls"><\/item>
<item  id="167" filename="color_convert/color_convert.cpp" linenumber="48" name="tmp_13" contextFuncName="color_convert" moduleName="color_convert" rtlName="tmp_13_fu_600_p3" latency="0" BRAM="-1" DSP="-1" FF="-1" LUT="-1" fileDirectory="C:\Users\Ryan\Documents\University\EE315\Project\PYNQ-master\PYNQ-master\boards\ip\hls"><\/item>
<item  id="168" filename="color_convert/color_convert.cpp" linenumber="48" name="zext_ln415_2" contextFuncName="color_convert" moduleName="color_convert" rtlName="zext_ln415_2_fu_608_p1" latency="0" BRAM="-1" DSP="-1" FF="-1" LUT="-1" fileDirectory="C:\Users\Ryan\Documents\University\EE315\Project\PYNQ-master\PYNQ-master\boards\ip\hls"><\/item>
<item  id="169" filename="color_convert/color_convert.cpp" linenumber="48" name="p_Val2_23" contextFuncName="color_convert" moduleName="color_convert" rtlName="p_Val2_23_fu_612_p2" latency="0" BRAM="-1" DSP="-1" FF="0" LUT="15" fileDirectory="C:\Users\Ryan\Documents\University\EE315\Project\PYNQ-master\PYNQ-master\boards\ip\hls"><\/item>
<item  id="170" filename="color_convert/color_convert.cpp" linenumber="48" name="tmp_14" contextFuncName="color_convert" moduleName="color_convert" rtlName="tmp_14_fu_618_p3" latency="0" BRAM="-1" DSP="-1" FF="-1" LUT="-1" fileDirectory="C:\Users\Ryan\Documents\University\EE315\Project\PYNQ-master\PYNQ-master\boards\ip\hls"><\/item>
<item  id="171" filename="color_convert/color_convert.cpp" linenumber="48" name="xor_ln416_2" contextFuncName="color_convert" moduleName="color_convert" rtlName="xor_ln416_2_fu_626_p2" latency="0" BRAM="-1" DSP="-1" FF="0" LUT="2" fileDirectory="C:\Users\Ryan\Documents\University\EE315\Project\PYNQ-master\PYNQ-master\boards\ip\hls"><\/item>
<item  id="172" filename="color_convert/color_convert.cpp" linenumber="48" name="carry_5" contextFuncName="color_convert" moduleName="color_convert" rtlName="carry_5_fu_632_p2" latency="0" BRAM="-1" DSP="-1" FF="0" LUT="2" fileDirectory="C:\Users\Ryan\Documents\University\EE315\Project\PYNQ-master\PYNQ-master\boards\ip\hls"><\/item>
<item  id="173" filename="color_convert/color_convert.cpp" linenumber="48" name="tmp_2" contextFuncName="color_convert" moduleName="color_convert" rtlName="tmp_2_fu_638_p4" latency="0" BRAM="-1" DSP="-1" FF="-1" LUT="-1" fileDirectory="C:\Users\Ryan\Documents\University\EE315\Project\PYNQ-master\PYNQ-master\boards\ip\hls"><\/item>
<item  id="174" filename="color_convert/color_convert.cpp" linenumber="48" name="Range1_all_ones_2" contextFuncName="color_convert" moduleName="color_convert" rtlName="Range1_all_ones_2_fu_648_p2" latency="0" BRAM="-1" DSP="-1" FF="0" LUT="9" fileDirectory="C:\Users\Ryan\Documents\University\EE315\Project\PYNQ-master\PYNQ-master\boards\ip\hls"><\/item>
<item  id="175" filename="color_convert/color_convert.cpp" linenumber="48" name="Range1_all_zeros_2" contextFuncName="color_convert" moduleName="color_convert" rtlName="Range1_all_zeros_2_fu_654_p2" latency="0" BRAM="-1" DSP="-1" FF="0" LUT="9" fileDirectory="C:\Users\Ryan\Documents\University\EE315\Project\PYNQ-master\PYNQ-master\boards\ip\hls"><\/item>
<item  id="176" filename="color_convert/color_convert.cpp" linenumber="48" name="deleted_zeros_2" contextFuncName="color_convert" moduleName="color_convert" rtlName="deleted_zeros_2_fu_660_p3" latency="0" BRAM="-1" DSP="-1" FF="0" LUT="2" fileDirectory="C:\Users\Ryan\Documents\University\EE315\Project\PYNQ-master\PYNQ-master\boards\ip\hls"><\/item>
<item  id="177" filename="color_convert/color_convert.cpp" linenumber="48" name="and_ln781_2" contextFuncName="color_convert" moduleName="color_convert" rtlName="and_ln781_2_fu_668_p2" latency="0" BRAM="-1" DSP="-1" FF="0" LUT="2" fileDirectory="C:\Users\Ryan\Documents\University\EE315\Project\PYNQ-master\PYNQ-master\boards\ip\hls"><\/item>
<item  id="178" filename="color_convert/color_convert.cpp" linenumber="48" name="xor_ln781_2" contextFuncName="color_convert" moduleName="color_convert" rtlName="xor_ln781_2_fu_796_p2" latency="0" BRAM="-1" DSP="-1" FF="0" LUT="2" fileDirectory="C:\Users\Ryan\Documents\University\EE315\Project\PYNQ-master\PYNQ-master\boards\ip\hls"><\/item>
<item  id="179" filename="color_convert/color_convert.cpp" linenumber="48" name="neg_src_7" contextFuncName="color_convert" moduleName="color_convert" rtlName="neg_src_7_fu_801_p2" latency="0" BRAM="-1" DSP="-1" FF="0" LUT="2" fileDirectory="C:\Users\Ryan\Documents\University\EE315\Project\PYNQ-master\PYNQ-master\boards\ip\hls"><\/item>
<item  id="180" filename="color_convert/color_convert.cpp" linenumber="48" name="or_ln785_2" contextFuncName="color_convert" moduleName="color_convert" rtlName="or_ln785_2_fu_674_p2" latency="0" BRAM="-1" DSP="-1" FF="0" LUT="2" fileDirectory="C:\Users\Ryan\Documents\University\EE315\Project\PYNQ-master\PYNQ-master\boards\ip\hls"><\/item>
<item  id="181" filename="color_convert/color_convert.cpp" linenumber="48" name="overflow_2" contextFuncName="color_convert" moduleName="color_convert" rtlName="overflow_2_fu_806_p2" latency="0" BRAM="-1" DSP="-1" FF="0" LUT="2" fileDirectory="C:\Users\Ryan\Documents\University\EE315\Project\PYNQ-master\PYNQ-master\boards\ip\hls"><\/item>
<item  id="182" filename="color_convert/color_convert.cpp" linenumber="48" name="xor_ln340_2" contextFuncName="color_convert" moduleName="color_convert" rtlName="xor_ln340_2_fu_811_p2" latency="0" BRAM="-1" DSP="-1" FF="0" LUT="2" fileDirectory="C:\Users\Ryan\Documents\University\EE315\Project\PYNQ-master\PYNQ-master\boards\ip\hls"><\/item>
<item  id="183" filename="color_convert/color_convert.cpp" linenumber="48" name="or_ln340_5" contextFuncName="color_convert" moduleName="color_convert" rtlName="or_ln340_5_fu_816_p2" latency="0" BRAM="-1" DSP="-1" FF="0" LUT="2" fileDirectory="C:\Users\Ryan\Documents\University\EE315\Project\PYNQ-master\PYNQ-master\boards\ip\hls"><\/item>
<item  id="184" filename="color_convert/color_convert.cpp" linenumber="48" name="and_ln340_2" contextFuncName="color_convert" moduleName="color_convert" rtlName="and_ln340_2_fu_821_p2" latency="0" BRAM="-1" DSP="-1" FF="0" LUT="2" fileDirectory="C:\Users\Ryan\Documents\University\EE315\Project\PYNQ-master\PYNQ-master\boards\ip\hls"><\/item>
<item  id="185" filename="color_convert/color_convert.cpp" linenumber="48" name="or_ln340_2" contextFuncName="color_convert" moduleName="color_convert" rtlName="or_ln340_2_fu_826_p2" latency="0" BRAM="-1" DSP="-1" FF="0" LUT="2" fileDirectory="C:\Users\Ryan\Documents\University\EE315\Project\PYNQ-master\PYNQ-master\boards\ip\hls"><\/item>
<item  id="186" filename="color_convert/color_convert.cpp" linenumber="48" name="select_ln340_2" contextFuncName="color_convert" moduleName="color_convert" rtlName="select_ln340_2_fu_832_p3" latency="0" BRAM="-1" DSP="-1" FF="0" LUT="8" fileDirectory="C:\Users\Ryan\Documents\University\EE315\Project\PYNQ-master\PYNQ-master\boards\ip\hls"><\/item>
<item  id="187" filename="color_convert/color_convert.cpp" linenumber="48" name="select_ln396_2" contextFuncName="color_convert" moduleName="color_convert" rtlName="select_ln396_2_fu_839_p3" latency="0" BRAM="-1" DSP="-1" FF="0" LUT="8" fileDirectory="C:\Users\Ryan\Documents\University\EE315\Project\PYNQ-master\PYNQ-master\boards\ip\hls"><\/item>
<item  id="188" filename="color_convert/color_convert.cpp" linenumber="48" name="out3_V" contextFuncName="color_convert" moduleName="color_convert" rtlName="out3_V_fu_846_p3" latency="0" BRAM="-1" DSP="-1" FF="0" LUT="8" fileDirectory="C:\Users\Ryan\Documents\University\EE315\Project\PYNQ-master\PYNQ-master\boards\ip\hls"><\/item>
<item  id="189" filename="color_convert/color_convert.cpp" linenumber="52" name="stream_out_24_data_t" contextFuncName="color_convert" moduleName="color_convert" rtlName="stream_out_24_data_t_fu_854_p4" latency="0" BRAM="-1" DSP="-1" FF="-1" LUT="-1" fileDirectory="C:\Users\Ryan\Documents\University\EE315\Project\PYNQ-master\PYNQ-master\boards\ip\hls"><\/item>
<\/annotationInfo>
</annotationInfo>
