<?xml version="1.0" encoding="UTF-8"?>
<GenRun Id="impl_1" LaunchPart="xc7z020clg400-1" LaunchTime="1587721483">
  <File Type="BITSTR-BMM" Name="usr_driver_v1_bd.bmm"/>
  <File Type="PA-TCL" Name="usr_driver_v1.tcl"/>
  <File Type="OPT-DCP" Name="usr_driver_v1_opt.dcp"/>
  <File Type="REPORTS-TCL" Name="usr_driver_v1_reports.tcl"/>
  <File Type="PLACE-PRE-SIMILARITY" Name="usr_driver_v1_incremental_reuse_pre_placed.rpt"/>
  <File Type="OPT-DRC" Name="usr_driver_v1_drc_opted.rpt"/>
  <File Type="OPT-HWDEF" Name="usr_driver_v1.hwdef"/>
  <File Type="PWROPT-DCP" Name="usr_driver_v1_pwropt.dcp"/>
  <File Type="PLACE-DCP" Name="usr_driver_v1_placed.dcp"/>
  <File Type="BG-BGN" Name="usr_driver_v1.bgn"/>
  <File Type="POSTPLACE-PWROPT-DCP" Name="usr_driver_v1_postplace_pwropt.dcp"/>
  <File Type="BG-BIN" Name="usr_driver_v1.bin"/>
  <File Type="PHYSOPT-DCP" Name="usr_driver_v1_physopt.dcp"/>
  <File Type="BITSTR-MSK" Name="usr_driver_v1.msk"/>
  <File Type="ROUTE-ERROR-DCP" Name="usr_driver_v1_routed_error.dcp"/>
  <File Type="ROUTE-DCP" Name="usr_driver_v1_routed.dcp"/>
  <File Type="ROUTE-BLACKBOX-DCP" Name="usr_driver_v1_routed_bb.dcp"/>
  <File Type="BITSTR-LTX" Name="usr_driver_v1.ltx"/>
  <File Type="BITSTR-MMI" Name="usr_driver_v1.mmi"/>
  <File Type="BITSTR-SYSDEF" Name="usr_driver_v1.sysdef"/>
  <File Type="ROUTE-TIMING-PB" Name="usr_driver_v1_timing_summary_routed.pb"/>
  <File Type="POSTROUTE-PHYSOPT-DCP" Name="usr_driver_v1_postroute_physopt.dcp"/>
  <File Type="POSTROUTE-PHYSOPT-BLACKBOX-DCP" Name="usr_driver_v1_postroute_physopt_bb.dcp"/>
  <File Type="BG-BIT" Name="usr_driver_v1.bit"/>
  <File Type="BITSTR-RBT" Name="usr_driver_v1.rbt"/>
  <File Type="BITSTR-NKY" Name="usr_driver_v1.nky"/>
  <File Type="BG-DRC" Name="usr_driver_v1.drc"/>
  <File Type="RDI-RDI" Name="usr_driver_v1.vdi"/>
  <File Type="WBT-USG" Name="usage_statistics_webtalk.html"/>
  <FileSet Name="sources" Type="DesignSrcs" RelSrcDir="$PSRCDIR/sources_1">
    <Filter Type="Srcs"/>
    <File Path="$PPRDIR/usr_driver_1/hdl/usr_driver_v1_distmm.vhd">
      <FileInfo>
        <Attr Name="Library" Val="xil_defaultlib"/>
        <Attr Name="UsedIn" Val="synthesis"/>
        <Attr Name="UsedIn" Val="simulation"/>
      </FileInfo>
    </File>
    <File Path="$PPRDIR/usr_driver_1/hdl/usr_driver_v1_refresh_freq.vhd">
      <FileInfo>
        <Attr Name="Library" Val="xil_defaultlib"/>
        <Attr Name="UsedIn" Val="synthesis"/>
        <Attr Name="UsedIn" Val="simulation"/>
      </FileInfo>
    </File>
    <File Path="$PPRDIR/usr_driver_1/hdl/usr_driver_v1.vhd">
      <FileInfo>
        <Attr Name="Library" Val="xil_defaultlib"/>
        <Attr Name="UsedIn" Val="synthesis"/>
        <Attr Name="UsedIn" Val="simulation"/>
      </FileInfo>
    </File>
    <File Path="$PPRDIR/usr_driver_1/component.xml">
      <FileInfo SFType="IPXACT"/>
    </File>
    <Config>
      <Option Name="DesignMode" Val="RTL"/>
      <Option Name="TopModule" Val="usr_driver_v1"/>
      <Option Name="TopRTLFile" Val="$PPRDIR/usr_driver_1/hdl/usr_driver_v1.vhd"/>
    </Config>
  </FileSet>
  <FileSet Name="constrs_in" Type="Constrs" RelSrcDir="$PSRCDIR/constrs_1">
    <Filter Type="Constrs"/>
    <Config>
      <Option Name="ConstrsType" Val="XDC"/>
    </Config>
  </FileSet>
  <FileSet Name="utils" Type="Utils" RelSrcDir="$PSRCDIR/utils_1">
    <Filter Type="Utils"/>
    <Config>
      <Option Name="TopAutoSet" Val="TRUE"/>
    </Config>
  </FileSet>
  <Strategy Version="1" Minor="2">
    <StratHandle Name="Vivado Implementation Defaults" Flow="Vivado Implementation 2019"/>
    <Step Id="init_design"/>
    <Step Id="opt_design"/>
    <Step Id="power_opt_design"/>
    <Step Id="place_design"/>
    <Step Id="post_place_power_opt_design"/>
    <Step Id="phys_opt_design"/>
    <Step Id="route_design"/>
    <Step Id="post_route_phys_opt_design"/>
    <Step Id="write_bitstream"/>
  </Strategy>
</GenRun>
