<?xml version="1.0" encoding="utf-8"?>
<xd:acceleratorMap xmlns:xd="http://www.xilinx.com/xidane" xd:functionName="trace_cntrl_64" xd:componentRef="trace_cntrl_64" xd:initiationInterval="x" xd:clockPeriod="10.000" xd:sequential="true" xd:hostMachine="64" xd:reset="control">
  <xd:controlReg xd:name="control" xd:interfaceRef="s_axi_trace_cntrl" xd:busTypeRef="axilite" xd:type="generic_axi_lite" xd:offset="0x0"/>
  <xd:arg xd:name="trace_64-&gt;data" xd:originalName="trace_64" xd:direction="in" xd:interfaceRef="trace_64" xd:busTypeRef="axis" xd:arraySize="50" xd:dataWidth="64"/>
  <xd:arg xd:name="trace_64-&gt;keep" xd:originalName="trace_64" xd:direction="in" xd:interfaceRef="trace_64" xd:busTypeRef="axis" xd:arraySize="50" xd:dataWidth="8"/>
  <xd:arg xd:name="trace_64-&gt;strb" xd:originalName="trace_64" xd:direction="in" xd:interfaceRef="trace_64" xd:busTypeRef="axis" xd:arraySize="50" xd:dataWidth="8"/>
  <xd:arg xd:name="trace_64-&gt;user" xd:originalName="trace_64" xd:direction="in" xd:interfaceRef="trace_64" xd:busTypeRef="axis" xd:arraySize="50" xd:dataWidth="1"/>
  <xd:arg xd:name="trace_64-&gt;last" xd:originalName="trace_64" xd:direction="in" xd:interfaceRef="trace_64" xd:busTypeRef="axis" xd:arraySize="50" xd:dataWidth="1"/>
  <xd:arg xd:name="trace_64-&gt;id" xd:originalName="trace_64" xd:direction="in" xd:interfaceRef="trace_64" xd:busTypeRef="axis" xd:arraySize="50" xd:dataWidth="1"/>
  <xd:arg xd:name="trace_64-&gt;dest" xd:originalName="trace_64" xd:direction="in" xd:interfaceRef="trace_64" xd:busTypeRef="axis" xd:arraySize="50" xd:dataWidth="1"/>
  <xd:arg xd:name="capture_64-&gt;data" xd:originalName="capture_64" xd:direction="out" xd:interfaceRef="capture_64" xd:busTypeRef="axis" xd:arraySize="50" xd:dataWidth="64"/>
  <xd:arg xd:name="capture_64-&gt;keep" xd:originalName="capture_64" xd:direction="out" xd:interfaceRef="capture_64" xd:busTypeRef="axis" xd:arraySize="50" xd:dataWidth="8"/>
  <xd:arg xd:name="capture_64-&gt;strb" xd:originalName="capture_64" xd:direction="out" xd:interfaceRef="capture_64" xd:busTypeRef="axis" xd:arraySize="50" xd:dataWidth="8"/>
  <xd:arg xd:name="capture_64-&gt;user" xd:originalName="capture_64" xd:direction="out" xd:interfaceRef="capture_64" xd:busTypeRef="axis" xd:arraySize="50" xd:dataWidth="1"/>
  <xd:arg xd:name="capture_64-&gt;last" xd:originalName="capture_64" xd:direction="out" xd:interfaceRef="capture_64" xd:busTypeRef="axis" xd:arraySize="50" xd:dataWidth="1"/>
  <xd:arg xd:name="capture_64-&gt;id" xd:originalName="capture_64" xd:direction="out" xd:interfaceRef="capture_64" xd:busTypeRef="axis" xd:arraySize="50" xd:dataWidth="1"/>
  <xd:arg xd:name="capture_64-&gt;dest" xd:originalName="capture_64" xd:direction="out" xd:interfaceRef="capture_64" xd:busTypeRef="axis" xd:arraySize="50" xd:dataWidth="1"/>
  <xd:arg xd:name="trigger" xd:originalName="trigger" xd:direction="in" xd:interfaceRef="s_axi_trace_cntrl" xd:busTypeRef="axilite" xd:offset="0x10" xd:handshakeRef="ap_none" xd:dataWidth="64"/>
  <xd:arg xd:name="length" xd:originalName="length" xd:direction="in" xd:interfaceRef="s_axi_trace_cntrl" xd:busTypeRef="axilite" xd:offset="0x1C" xd:handshakeRef="ap_none" xd:dataWidth="32"/>
  <xd:latencyEstimates xd:best-case="undef" xd:worst-case="undef" xd:average-case="undef"/>
  <xd:resourceEstimates xd:LUT="1074" xd:FF="785" xd:BRAM="0" xd:DSP="0"/>
</xd:acceleratorMap>
