<?xml version="1.0" encoding="UTF-8"?>
<project>
  <core name="" type="" target="">
    <kernel name="trace_cntrl_64" language="c" vlnv="xilinx.com:hls:trace_cntrl_64:1.4" attributes="" hash="" preferredWorkGroupSizeMultiple="0" workGroupSize="1" debug="false" interrupt="true">
      <port name="S_AXI_TRACE_CNTRL" mode="slave" range="0x1000" dataWidth="32" portType="addressable" base="0x00000000"/>
      <arg name="trigger" addressQualifier="0" id="0" port="S_AXI_TRACE_CNTRL" size="0x4" offset="0x10" hostOffset="0x0" hostSize="0x4" type=""/>
      <arg name="length" addressQualifier="0" id="1" port="S_AXI_TRACE_CNTRL" size="0x4" offset="0x1C" hostOffset="0x0" hostSize="0x4" type="int"/>
      <compileWorkGroupSize x="1" y="1" z="1"/>
    </kernel>
  </core>
</project>
