<?xml version="1.0" encoding="utf-8"?>
<Messages>
	<Message severity="INFO" prefix="[SCHED 204-61]" key="SCHED_PIPELINING_STATUS_631" tag="SCHEDULE" content="Option &apos;relax_ii_for_timing&apos; is enabled, will increase II to preserve clock frequency constraints."/>
	<Message severity="INFO" prefix="[HLS 200-10]" key="HLS_10_1312" tag="" content="Analyzing design file &apos;pixel_pack/pixel_pack.cpp&apos; ..."/>
	<Message severity="INFO" prefix="[HLS 200-111]" key="HLS_111_965" tag="" content="Finished Linking Time (s): cpu = 00:00:02 ; elapsed = 00:00:27 . Memory (MB): peak = 160.426 ; gain = 68.871"/>
	<Message severity="INFO" prefix="[HLS 200-111]" key="HLS_111_965" tag="" content="Finished Checking Pragmas Time (s): cpu = 00:00:02 ; elapsed = 00:00:27 . Memory (MB): peak = 160.426 ; gain = 68.871"/>
	<Message severity="INFO" prefix="[HLS 200-10]" key="HLS_10_1467" tag="" content="Starting code transformations ..."/>
	<Message severity="INFO" prefix="[HLS 200-111]" key="HLS_111_965" tag="" content="Finished Standard Transforms Time (s): cpu = 00:00:02 ; elapsed = 00:00:29 . Memory (MB): peak = 160.426 ; gain = 68.871"/>
	<Message severity="INFO" prefix="[HLS 200-10]" key="HLS_10_1472" tag="" content="Checking synthesizability ..."/>
	<Message severity="WARNING" prefix="[SYNCHK 200-23]" key="SYNCHK_VAR_INDEX_RANGE_359" tag="" content="pixel_pack/pixel_pack.cpp:50: variable-indexed range selection may cause suboptimal QoR."/>
	<Message severity="INFO" prefix="[SYNCHK 200-10]" key="SYNCHK_SYNCHK_SUMMARY_377" tag="" content="0 error(s), 1 warning(s)."/>
	<Message severity="INFO" prefix="[HLS 200-111]" key="HLS_111_965" tag="" content="Finished Checking Synthesizability Time (s): cpu = 00:00:03 ; elapsed = 00:00:29 . Memory (MB): peak = 160.426 ; gain = 68.871"/>
	<Message severity="WARNING" prefix="[XFORM 203-1103]" key="XFORM_DATA_PACK_INVALID_346" tag="" content="Ignored data pack directive on non-struct variable &apos;stream_out_32.data.V&apos; (pixel_pack/pixel_pack.cpp:28)."/>
	<Message severity="WARNING" prefix="[XFORM 203-1103]" key="XFORM_DATA_PACK_INVALID_346" tag="" content="Ignored data pack directive on non-struct variable &apos;stream_in_24.data.V&apos; (pixel_pack/pixel_pack.cpp:28)."/>
	<Message severity="INFO" prefix="[XFORM 203-502]" key="XFORM_AUTO_UNROLL_STATUS_246" tag="" content="Unrolling all sub-loops inside loop &apos;Loop-1&apos; (pixel_pack/pixel_pack.cpp:42) in function &apos;pixel_pack&apos; for pipelining."/>
	<Message severity="INFO" prefix="[XFORM 203-502]" key="XFORM_AUTO_UNROLL_STATUS_246" tag="" content="Unrolling all sub-loops inside loop &apos;Loop-3&apos; (pixel_pack/pixel_pack.cpp:82) in function &apos;pixel_pack&apos; for pipelining."/>
	<Message severity="INFO" prefix="[XFORM 203-502]" key="XFORM_AUTO_UNROLL_STATUS_246" tag="" content="Unrolling all sub-loops inside loop &apos;Loop-4&apos; (pixel_pack/pixel_pack.cpp:104) in function &apos;pixel_pack&apos; for pipelining."/>
	<Message severity="INFO" prefix="[XFORM 203-502]" key="XFORM_AUTO_UNROLL_STATUS_246" tag="" content="Unrolling all sub-loops inside loop &apos;Loop-5&apos; (pixel_pack/pixel_pack.cpp:121) in function &apos;pixel_pack&apos; for pipelining."/>
	<Message severity="INFO" prefix="[HLS 200-489]" key="HLS 200-489" tag="" content="Unrolling loop &apos;Loop-1.1&apos; (pixel_pack/pixel_pack.cpp:48) in function &apos;pixel_pack&apos; completely with a factor of 4."/>
	<Message severity="INFO" prefix="[HLS 200-489]" key="HLS 200-489" tag="" content="Unrolling loop &apos;Loop-1.2&apos; (pixel_pack/pixel_pack.cpp:58) in function &apos;pixel_pack&apos; completely with a factor of 3."/>
	<Message severity="INFO" prefix="[HLS 200-489]" key="HLS 200-489" tag="" content="Unrolling loop &apos;Loop-3.1&apos; (pixel_pack/pixel_pack.cpp:87) in function &apos;pixel_pack&apos; completely with a factor of 4."/>
	<Message severity="INFO" prefix="[HLS 200-489]" key="HLS 200-489" tag="" content="Unrolling loop &apos;Loop-4.1&apos; (pixel_pack/pixel_pack.cpp:108) in function &apos;pixel_pack&apos; completely with a factor of 2."/>
	<Message severity="INFO" prefix="[HLS 200-489]" key="HLS 200-489" tag="" content="Unrolling loop &apos;Loop-5.1&apos; (pixel_pack/pixel_pack.cpp:125) in function &apos;pixel_pack&apos; completely with a factor of 2."/>
	<Message severity="INFO" prefix="[HLS 200-111]" key="HLS_111_965" tag="" content="Finished Pre-synthesis Time (s): cpu = 00:00:03 ; elapsed = 00:00:30 . Memory (MB): peak = 175.910 ; gain = 84.355"/>
	<Message severity="INFO" prefix="[HLS 200-111]" key="HLS_111_965" tag="" content="Finished Architecture Synthesis Time (s): cpu = 00:00:04 ; elapsed = 00:00:31 . Memory (MB): peak = 176.699 ; gain = 85.145"/>
	<Message severity="INFO" prefix="[HLS 200-10]" key="HLS_10_1317" tag="" content="Starting hardware synthesis ..."/>
	<Message severity="INFO" prefix="[HLS 200-10]" key="HLS_10_1385" tag="" content="Synthesizing &apos;pixel_pack&apos; ..."/>
	<Message severity="INFO" prefix="[HLS 200-10]" key="HLS_10_1477" tag="" content="----------------------------------------------------------------"/>
	<Message severity="INFO" prefix="[HLS 200-42]" key="HLS_42_1438" tag="" content="-- Implementing module &apos;pixel_pack&apos;"/>
	<Message severity="INFO" prefix="[HLS 200-10]" key="HLS_10_1478" tag="" content="----------------------------------------------------------------"/>
	<Message severity="INFO" prefix="[SCHED 204-11]" key="SCHED_SCHED_STATUS_597" tag="" content="Starting scheduling ..."/>
	<Message severity="INFO" prefix="[SCHED 204-61]" key="SCHED_PIPELINING_STATUS_41" tag="" content="Pipelining loop &apos;Loop 5&apos;."/>
	<Message severity="INFO" prefix="[SCHED 204-61]" key="SCHED_PIPELINING_STATUS_44" tag="" content="Pipelining result : Target II = 2, Final II = 2, Depth = 3."/>
	<Message severity="INFO" prefix="[SCHED 204-61]" key="SCHED_PIPELINING_STATUS_41" tag="" content="Pipelining loop &apos;Loop 4&apos;."/>
	<Message severity="INFO" prefix="[SCHED 204-61]" key="SCHED_PIPELINING_STATUS_44" tag="" content="Pipelining result : Target II = 2, Final II = 2, Depth = 3."/>
	<Message severity="INFO" prefix="[SCHED 204-61]" key="SCHED_PIPELINING_STATUS_41" tag="" content="Pipelining loop &apos;Loop 3&apos;."/>
	<Message severity="INFO" prefix="[SCHED 204-61]" key="SCHED_PIPELINING_STATUS_44" tag="" content="Pipelining result : Target II = 4, Final II = 4, Depth = 5."/>
	<Message severity="INFO" prefix="[SCHED 204-61]" key="SCHED_PIPELINING_STATUS_41" tag="" content="Pipelining loop &apos;Loop 2&apos;."/>
	<Message severity="INFO" prefix="[SCHED 204-61]" key="SCHED_PIPELINING_STATUS_44" tag="" content="Pipelining result : Target II = 1, Final II = 1, Depth = 2."/>
	<Message severity="INFO" prefix="[SCHED 204-61]" key="SCHED_PIPELINING_STATUS_41" tag="" content="Pipelining loop &apos;Loop 1&apos;."/>
	<Message severity="INFO" prefix="[SCHED 204-61]" key="SCHED_PIPELINING_STATUS_44" tag="" content="Pipelining result : Target II = 4, Final II = 4, Depth = 7."/>
	<Message severity="INFO" prefix="[SCHED 204-11]" key="SCHED_SCHED_STATUS_596" tag="" content="Finished scheduling."/>
	<Message severity="INFO" prefix="[HLS 200-111]" key="HLS_111_966" tag="" content=" Elapsed time: 31.159 seconds; current allocated memory: 117.042 MB."/>
	<Message severity="INFO" prefix="[BIND 205-100]" key="BIND_100_926" tag="" content="Starting micro-architecture generation ..."/>
	<Message severity="INFO" prefix="[BIND 205-101]" key="BIND_101_698" tag="" content="Performing variable lifetime analysis."/>
	<Message severity="INFO" prefix="[BIND 205-101]" key="BIND_101_697" tag="" content="Exploring resource sharing."/>
	<Message severity="INFO" prefix="[BIND 205-101]" key="BIND_101_693" tag="" content="Binding ..."/>
	<Message severity="INFO" prefix="[BIND 205-100]" key="BIND_100_925" tag="" content="Finished micro-architecture generation."/>
	<Message severity="INFO" prefix="[HLS 200-111]" key="HLS_111_966" tag="" content=" Elapsed time: 0.359 seconds; current allocated memory: 117.883 MB."/>
	<Message severity="INFO" prefix="[HLS 200-10]" key="HLS_10_1483" tag="" content="----------------------------------------------------------------"/>
	<Message severity="INFO" prefix="[HLS 200-10]" key="HLS_10_1484" tag="" content="-- Generating RTL for module &apos;pixel_pack&apos;"/>
	<Message severity="INFO" prefix="[HLS 200-10]" key="HLS_10_1485" tag="" content="----------------------------------------------------------------"/>
	<Message severity="INFO" prefix="[RTGEN 206-500]" key="PREPROC_IO_COMP_CONFLICT_1950" tag="" content="Setting interface mode on port &apos;pixel_pack/stream_in_24_data_V&apos; to &apos;axis&apos; (register, both mode)."/>
	<Message severity="INFO" prefix="[RTGEN 206-500]" key="PREPROC_IO_COMP_CONFLICT_1950" tag="" content="Setting interface mode on port &apos;pixel_pack/stream_in_24_user_V&apos; to &apos;axis&apos; (register, both mode)."/>
	<Message severity="INFO" prefix="[RTGEN 206-500]" key="PREPROC_IO_COMP_CONFLICT_1950" tag="" content="Setting interface mode on port &apos;pixel_pack/stream_in_24_last_V&apos; to &apos;axis&apos; (register, both mode)."/>
	<Message severity="INFO" prefix="[RTGEN 206-500]" key="PREPROC_IO_COMP_CONFLICT_1950" tag="" content="Setting interface mode on port &apos;pixel_pack/stream_out_32_data_V&apos; to &apos;axis&apos; (register, both mode)."/>
	<Message severity="INFO" prefix="[RTGEN 206-500]" key="PREPROC_IO_COMP_CONFLICT_1950" tag="" content="Setting interface mode on port &apos;pixel_pack/stream_out_32_user_V&apos; to &apos;axis&apos; (register, both mode)."/>
	<Message severity="INFO" prefix="[RTGEN 206-500]" key="PREPROC_IO_COMP_CONFLICT_1950" tag="" content="Setting interface mode on port &apos;pixel_pack/stream_out_32_last_V&apos; to &apos;axis&apos; (register, both mode)."/>
	<Message severity="INFO" prefix="[RTGEN 206-500]" key="PREPROC_IO_COMP_CONFLICT_1950" tag="" content="Setting interface mode on port &apos;pixel_pack/mode&apos; to &apos;s_axilite &amp; ap_none&apos; (register)."/>
	<Message severity="INFO" prefix="[RTGEN 206-500]" key="PREPROC_IO_COMP_CONFLICT_1950" tag="" content="Setting interface mode on port &apos;pixel_pack/alpha_V&apos; to &apos;s_axilite &amp; ap_none&apos; (register)."/>
	<Message severity="INFO" prefix="[RTGEN 206-500]" key="PREPROC_IO_COMP_CONFLICT_1950" tag="" content="Setting interface mode on function &apos;pixel_pack&apos; to &apos;ap_ctrl_none&apos;."/>
	<Message severity="INFO" prefix="[RTGEN 206-100]" key="RTGEN_100_851" tag="" content="Bundling port &apos;mode&apos; and &apos;alpha_V&apos; to AXI-Lite port AXILiteS."/>
	<Message severity="INFO" prefix="[RTGEN 206-100]" key="RTGEN_100_850" tag="" content="Generated clock port &apos;control&apos; for AXI-Lite bundle &apos;AXILiteS&apos;."/>
	<Message severity="INFO" prefix="[RTGEN 206-100]" key="RTGEN_100_856" tag="" content="Finished creating RTL model for &apos;pixel_pack&apos;."/>
	<Message severity="INFO" prefix="[HLS 200-111]" key="HLS_111_966" tag="" content=" Elapsed time: 0.716 seconds; current allocated memory: 119.933 MB."/>
	<Message severity="INFO" prefix="[HLS 200-111]" key="HLS_111_965" tag="" content="Finished generating all RTL models Time (s): cpu = 00:00:07 ; elapsed = 00:00:36 . Memory (MB): peak = 184.309 ; gain = 92.754"/>
	<Message severity="INFO" prefix="[VHDL 208-304]" key="VHDL_304_1066" tag="" content="Generating VHDL RTL for pixel_pack."/>
	<Message severity="INFO" prefix="[VLOG 209-307]" key="VLOG_307_1067" tag="" content="Generating Verilog RTL for pixel_pack."/>
</Messages>
