<annotationInfo>
<annotationInfo>
<item  id="39" filename="pixel_pack/pixel_pack.cpp" linenumber="126" name="or_ln126" contextFuncName="pixel_pack" moduleName="pixel_pack" rtlName="or_ln126_fu_642_p2" latency="0" BRAM="-1" DSP="-1" FF="0" LUT="2" fileDirectory="C:\Users\Ryan\Documents\University\EE315\Project\PYNQ-master\PYNQ-master\boards\ip\hls"><\/item>
<item  id="40" filename="pixel_pack/pixel_pack.cpp" linenumber="132" name="p_Result_s_30" contextFuncName="pixel_pack" moduleName="pixel_pack" rtlName="p_Result_s_30_reg_1065" latency="0" BRAM="-1" DSP="-1" FF="-1" LUT="-1" fileDirectory="C:\Users\Ryan\Documents\University\EE315\Project\PYNQ-master\PYNQ-master\boards\ip\hls"><\/item>
<item  id="41" filename="pixel_pack/pixel_pack.cpp" linenumber="132" name="zext_ln364" contextFuncName="pixel_pack" moduleName="pixel_pack" rtlName="zext_ln364_fu_649_p1" latency="0" BRAM="-1" DSP="-1" FF="-1" LUT="-1" fileDirectory="C:\Users\Ryan\Documents\University\EE315\Project\PYNQ-master\PYNQ-master\boards\ip\hls"><\/item>
<item  id="42" filename="pixel_pack/pixel_pack.cpp" linenumber="132" name="p_Result_1" contextFuncName="pixel_pack" moduleName="pixel_pack" rtlName="p_Result_s_30_reg_1065" latency="0" BRAM="-1" DSP="-1" FF="-1" LUT="-1" fileDirectory="C:\Users\Ryan\Documents\University\EE315\Project\PYNQ-master\PYNQ-master\boards\ip\hls"><\/item>
<item  id="43" filename="pixel_pack/pixel_pack.cpp" linenumber="132" name="zext_ln364_1" contextFuncName="pixel_pack" moduleName="pixel_pack" rtlName="zext_ln364_1_fu_652_p1" latency="0" BRAM="-1" DSP="-1" FF="-1" LUT="-1" fileDirectory="C:\Users\Ryan\Documents\University\EE315\Project\PYNQ-master\PYNQ-master\boards\ip\hls"><\/item>
<item  id="44" filename="pixel_pack/pixel_pack.cpp" linenumber="132" name="out_c1_V" contextFuncName="pixel_pack" moduleName="pixel_pack" rtlName="out_c1_V_fu_656_p2" latency="0" BRAM="-1" DSP="-1" FF="0" LUT="15" fileDirectory="C:\Users\Ryan\Documents\University\EE315\Project\PYNQ-master\PYNQ-master\boards\ip\hls"><\/item>
<item  id="45" filename="pixel_pack/pixel_pack.cpp" linenumber="134" name="p_Result_3" contextFuncName="pixel_pack" moduleName="pixel_pack" rtlName="p_Result_3_reg_1070" latency="0" BRAM="-1" DSP="-1" FF="-1" LUT="-1" fileDirectory="C:\Users\Ryan\Documents\University\EE315\Project\PYNQ-master\PYNQ-master\boards\ip\hls"><\/item>
<item  id="46" filename="pixel_pack/pixel_pack.cpp" linenumber="134" name="zext_ln364_2" contextFuncName="pixel_pack" moduleName="pixel_pack" rtlName="zext_ln364_2_fu_662_p1" latency="0" BRAM="-1" DSP="-1" FF="-1" LUT="-1" fileDirectory="C:\Users\Ryan\Documents\University\EE315\Project\PYNQ-master\PYNQ-master\boards\ip\hls"><\/item>
<item  id="47" filename="pixel_pack/pixel_pack.cpp" linenumber="134" name="p_Result_4" contextFuncName="pixel_pack" moduleName="pixel_pack" rtlName="p_Result_3_reg_1070" latency="0" BRAM="-1" DSP="-1" FF="-1" LUT="-1" fileDirectory="C:\Users\Ryan\Documents\University\EE315\Project\PYNQ-master\PYNQ-master\boards\ip\hls"><\/item>
<item  id="48" filename="pixel_pack/pixel_pack.cpp" linenumber="134" name="zext_ln364_3" contextFuncName="pixel_pack" moduleName="pixel_pack" rtlName="zext_ln364_3_fu_665_p1" latency="0" BRAM="-1" DSP="-1" FF="-1" LUT="-1" fileDirectory="C:\Users\Ryan\Documents\University\EE315\Project\PYNQ-master\PYNQ-master\boards\ip\hls"><\/item>
<item  id="49" filename="pixel_pack/pixel_pack.cpp" linenumber="134" name="out_c2_V" contextFuncName="pixel_pack" moduleName="pixel_pack" rtlName="out_c2_V_fu_669_p2" latency="0" BRAM="-1" DSP="-1" FF="0" LUT="15" fileDirectory="C:\Users\Ryan\Documents\University\EE315\Project\PYNQ-master\PYNQ-master\boards\ip\hls"><\/item>
<item  id="50" filename="pixel_pack/pixel_pack.cpp" linenumber="136" name="trunc_ln647" contextFuncName="pixel_pack" moduleName="pixel_pack" rtlName="trunc_ln647_fu_631_p1" latency="0" BRAM="-1" DSP="-1" FF="-1" LUT="-1" fileDirectory="C:\Users\Ryan\Documents\University\EE315\Project\PYNQ-master\PYNQ-master\boards\ip\hls"><\/item>
<item  id="51" filename="pixel_pack/pixel_pack.cpp" linenumber="137" name="p_Result_6" contextFuncName="pixel_pack" moduleName="pixel_pack" rtlName="p_Result_6_fu_675_p4" latency="0" BRAM="-1" DSP="-1" FF="-1" LUT="-1" fileDirectory="C:\Users\Ryan\Documents\University\EE315\Project\PYNQ-master\PYNQ-master\boards\ip\hls"><\/item>
<item  id="52" filename="pixel_pack/pixel_pack.cpp" linenumber="138" name="trunc_ln647_1" contextFuncName="pixel_pack" moduleName="pixel_pack" rtlName="trunc_ln647_1_fu_685_p1" latency="0" BRAM="-1" DSP="-1" FF="-1" LUT="-1" fileDirectory="C:\Users\Ryan\Documents\University\EE315\Project\PYNQ-master\PYNQ-master\boards\ip\hls"><\/item>
<item  id="53" filename="pixel_pack/pixel_pack.cpp" linenumber="139" name="p_Result_8" contextFuncName="pixel_pack" moduleName="pixel_pack" rtlName="p_Result_8_fu_689_p4" latency="0" BRAM="-1" DSP="-1" FF="-1" LUT="-1" fileDirectory="C:\Users\Ryan\Documents\University\EE315\Project\PYNQ-master\PYNQ-master\boards\ip\hls"><\/item>
<item  id="54" filename="pixel_pack/pixel_pack.cpp" linenumber="139" name="p_Result_14" contextFuncName="pixel_pack" moduleName="pixel_pack" rtlName="p_Result_14_fu_699_p5" latency="0" BRAM="-1" DSP="-1" FF="-1" LUT="-1" fileDirectory="C:\Users\Ryan\Documents\University\EE315\Project\PYNQ-master\PYNQ-master\boards\ip\hls"><\/item>
<item  id="68" filename="pixel_pack/pixel_pack.cpp" linenumber="111" name="trunc_ln215" contextFuncName="pixel_pack" moduleName="pixel_pack" rtlName="trunc_ln215_fu_711_p1" latency="0" BRAM="-1" DSP="-1" FF="-1" LUT="-1" fileDirectory="C:\Users\Ryan\Documents\University\EE315\Project\PYNQ-master\PYNQ-master\boards\ip\hls"><\/item>
<item  id="73" filename="pixel_pack/pixel_pack.cpp" linenumber="109" name="or_ln109" contextFuncName="pixel_pack" moduleName="pixel_pack" rtlName="or_ln109_fu_722_p2" latency="0" BRAM="-1" DSP="-1" FF="0" LUT="2" fileDirectory="C:\Users\Ryan\Documents\University\EE315\Project\PYNQ-master\PYNQ-master\boards\ip\hls"><\/item>
<item  id="74" filename="pixel_pack/pixel_pack.cpp" linenumber="111" name="trunc_ln215_1" contextFuncName="pixel_pack" moduleName="pixel_pack" rtlName="trunc_ln215_1_fu_729_p1" latency="0" BRAM="-1" DSP="-1" FF="-1" LUT="-1" fileDirectory="C:\Users\Ryan\Documents\University\EE315\Project\PYNQ-master\PYNQ-master\boards\ip\hls"><\/item>
<item  id="75" filename="pixel_pack/pixel_pack.cpp" linenumber="111" name="p_Result_35_1" contextFuncName="pixel_pack" moduleName="pixel_pack" rtlName="p_Result_35_1_fu_733_p3" latency="0" BRAM="-1" DSP="-1" FF="-1" LUT="-1" fileDirectory="C:\Users\Ryan\Documents\University\EE315\Project\PYNQ-master\PYNQ-master\boards\ip\hls"><\/item>
<item  id="97" filename="pixel_pack/pixel_pack.cpp" linenumber="91" name="trunc_ln647_2" contextFuncName="pixel_pack" moduleName="pixel_pack" rtlName="trunc_ln647_2_fu_741_p1" latency="0" BRAM="-1" DSP="-1" FF="-1" LUT="-1" fileDirectory="C:\Users\Ryan\Documents\University\EE315\Project\PYNQ-master\PYNQ-master\boards\ip\hls"><\/item>
<item  id="98" filename="pixel_pack/pixel_pack.cpp" linenumber="91" name="p_Result_12" contextFuncName="pixel_pack" moduleName="pixel_pack" rtlName="p_Result_12_fu_745_p5" latency="0" BRAM="-1" DSP="-1" FF="-1" LUT="-1" fileDirectory="C:\Users\Ryan\Documents\University\EE315\Project\PYNQ-master\PYNQ-master\boards\ip\hls"><\/item>
<item  id="110" filename="pixel_pack/pixel_pack.cpp" linenumber="89" name="or_ln89" contextFuncName="pixel_pack" moduleName="pixel_pack" rtlName="or_ln89_fu_761_p2" latency="0" BRAM="-1" DSP="-1" FF="0" LUT="2" fileDirectory="C:\Users\Ryan\Documents\University\EE315\Project\PYNQ-master\PYNQ-master\boards\ip\hls"><\/item>
<item  id="111" filename="pixel_pack/pixel_pack.cpp" linenumber="91" name="trunc_ln647_3" contextFuncName="pixel_pack" moduleName="pixel_pack" rtlName="trunc_ln647_3_fu_767_p1" latency="0" BRAM="-1" DSP="-1" FF="-1" LUT="-1" fileDirectory="C:\Users\Ryan\Documents\University\EE315\Project\PYNQ-master\PYNQ-master\boards\ip\hls"><\/item>
<item  id="112" filename="pixel_pack/pixel_pack.cpp" linenumber="91" name="p_Result_33_1" contextFuncName="pixel_pack" moduleName="pixel_pack" rtlName="p_Result_33_1_fu_771_p5" latency="0" BRAM="-1" DSP="-1" FF="-1" LUT="-1" fileDirectory="C:\Users\Ryan\Documents\University\EE315\Project\PYNQ-master\PYNQ-master\boards\ip\hls"><\/item>
<item  id="124" filename="pixel_pack/pixel_pack.cpp" linenumber="89" name="or_ln89_1" contextFuncName="pixel_pack" moduleName="pixel_pack" rtlName="or_ln89_1_fu_787_p2" latency="0" BRAM="-1" DSP="-1" FF="0" LUT="2" fileDirectory="C:\Users\Ryan\Documents\University\EE315\Project\PYNQ-master\PYNQ-master\boards\ip\hls"><\/item>
<item  id="125" filename="pixel_pack/pixel_pack.cpp" linenumber="91" name="trunc_ln647_4" contextFuncName="pixel_pack" moduleName="pixel_pack" rtlName="trunc_ln647_4_fu_793_p1" latency="0" BRAM="-1" DSP="-1" FF="-1" LUT="-1" fileDirectory="C:\Users\Ryan\Documents\University\EE315\Project\PYNQ-master\PYNQ-master\boards\ip\hls"><\/item>
<item  id="126" filename="pixel_pack/pixel_pack.cpp" linenumber="91" name="p_Result_33_2" contextFuncName="pixel_pack" moduleName="pixel_pack" rtlName="p_Result_33_2_fu_797_p5" latency="0" BRAM="-1" DSP="-1" FF="-1" LUT="-1" fileDirectory="C:\Users\Ryan\Documents\University\EE315\Project\PYNQ-master\PYNQ-master\boards\ip\hls"><\/item>
<item  id="138" filename="pixel_pack/pixel_pack.cpp" linenumber="89" name="or_ln89_2" contextFuncName="pixel_pack" moduleName="pixel_pack" rtlName="or_ln89_2_fu_813_p2" latency="0" BRAM="-1" DSP="-1" FF="0" LUT="2" fileDirectory="C:\Users\Ryan\Documents\University\EE315\Project\PYNQ-master\PYNQ-master\boards\ip\hls"><\/item>
<item  id="139" filename="pixel_pack/pixel_pack.cpp" linenumber="91" name="trunc_ln647_5" contextFuncName="pixel_pack" moduleName="pixel_pack" rtlName="trunc_ln647_5_fu_820_p1" latency="0" BRAM="-1" DSP="-1" FF="-1" LUT="-1" fileDirectory="C:\Users\Ryan\Documents\University\EE315\Project\PYNQ-master\PYNQ-master\boards\ip\hls"><\/item>
<item  id="140" filename="pixel_pack/pixel_pack.cpp" linenumber="91" name="p_Result_33_3" contextFuncName="pixel_pack" moduleName="pixel_pack" rtlName="p_Result_33_3_fu_824_p5" latency="0" BRAM="-1" DSP="-1" FF="-1" LUT="-1" fileDirectory="C:\Users\Ryan\Documents\University\EE315\Project\PYNQ-master\PYNQ-master\boards\ip\hls"><\/item>
<item  id="164" filename="pixel_pack/pixel_pack.cpp" linenumber="72" name="p_Result_13" contextFuncName="pixel_pack" moduleName="pixel_pack" rtlName="p_Result_13_fu_837_p3" latency="0" BRAM="-1" DSP="-1" FF="-1" LUT="-1" fileDirectory="C:\Users\Ryan\Documents\University\EE315\Project\PYNQ-master\PYNQ-master\boards\ip\hls"><\/item>
<item  id="188" filename="pixel_pack/pixel_pack.cpp" linenumber="50" name="p_Result_9" contextFuncName="pixel_pack" moduleName="pixel_pack" rtlName="p_Result_9_fu_845_p5" latency="0" BRAM="-1" DSP="-1" FF="-1" LUT="-1" fileDirectory="C:\Users\Ryan\Documents\University\EE315\Project\PYNQ-master\PYNQ-master\boards\ip\hls"><\/item>
<item  id="189" filename="pixel_pack/pixel_pack.cpp" linenumber="51" name="tmp_5" contextFuncName="pixel_pack" moduleName="pixel_pack" rtlName="tmp_5_fu_857_p4" latency="0" BRAM="-1" DSP="-1" FF="-1" LUT="-1" fileDirectory="C:\Users\Ryan\Documents\University\EE315\Project\PYNQ-master\PYNQ-master\boards\ip\hls"><\/item>
<item  id="190" filename="pixel_pack/pixel_pack.cpp" linenumber="52" name="tmp_6" contextFuncName="pixel_pack" moduleName="pixel_pack" rtlName="tmp_6_fu_867_p4" latency="0" BRAM="-1" DSP="-1" FF="-1" LUT="-1" fileDirectory="C:\Users\Ryan\Documents\University\EE315\Project\PYNQ-master\PYNQ-master\boards\ip\hls"><\/item>
<item  id="203" filename="pixel_pack/pixel_pack.cpp" linenumber="50" name="p_Result_26_1" contextFuncName="pixel_pack" moduleName="pixel_pack" rtlName="p_Result_26_1_fu_877_p5" latency="0" BRAM="-1" DSP="-1" FF="-1" LUT="-1" fileDirectory="C:\Users\Ryan\Documents\University\EE315\Project\PYNQ-master\PYNQ-master\boards\ip\hls"><\/item>
<item  id="204" filename="pixel_pack/pixel_pack.cpp" linenumber="51" name="tmp_7" contextFuncName="pixel_pack" moduleName="pixel_pack" rtlName="tmp_7_fu_889_p4" latency="0" BRAM="-1" DSP="-1" FF="-1" LUT="-1" fileDirectory="C:\Users\Ryan\Documents\University\EE315\Project\PYNQ-master\PYNQ-master\boards\ip\hls"><\/item>
<item  id="205" filename="pixel_pack/pixel_pack.cpp" linenumber="52" name="tmp_8" contextFuncName="pixel_pack" moduleName="pixel_pack" rtlName="tmp_8_fu_899_p4" latency="0" BRAM="-1" DSP="-1" FF="-1" LUT="-1" fileDirectory="C:\Users\Ryan\Documents\University\EE315\Project\PYNQ-master\PYNQ-master\boards\ip\hls"><\/item>
<item  id="218" filename="pixel_pack/pixel_pack.cpp" linenumber="50" name="p_Result_26_2" contextFuncName="pixel_pack" moduleName="pixel_pack" rtlName="p_Result_26_2_fu_909_p5" latency="0" BRAM="-1" DSP="-1" FF="-1" LUT="-1" fileDirectory="C:\Users\Ryan\Documents\University\EE315\Project\PYNQ-master\PYNQ-master\boards\ip\hls"><\/item>
<item  id="219" filename="pixel_pack/pixel_pack.cpp" linenumber="51" name="tmp_9" contextFuncName="pixel_pack" moduleName="pixel_pack" rtlName="tmp_9_fu_921_p4" latency="0" BRAM="-1" DSP="-1" FF="-1" LUT="-1" fileDirectory="C:\Users\Ryan\Documents\University\EE315\Project\PYNQ-master\PYNQ-master\boards\ip\hls"><\/item>
<item  id="220" filename="pixel_pack/pixel_pack.cpp" linenumber="52" name="tmp_10" contextFuncName="pixel_pack" moduleName="pixel_pack" rtlName="tmp_10_fu_931_p4" latency="0" BRAM="-1" DSP="-1" FF="-1" LUT="-1" fileDirectory="C:\Users\Ryan\Documents\University\EE315\Project\PYNQ-master\PYNQ-master\boards\ip\hls"><\/item>
<item  id="233" filename="pixel_pack/pixel_pack.cpp" linenumber="50" name="p_Result_26_3" contextFuncName="pixel_pack" moduleName="pixel_pack" rtlName="p_Result_26_3_fu_941_p5" latency="0" BRAM="-1" DSP="-1" FF="-1" LUT="-1" fileDirectory="C:\Users\Ryan\Documents\University\EE315\Project\PYNQ-master\PYNQ-master\boards\ip\hls"><\/item>
<item  id="234" filename="pixel_pack/pixel_pack.cpp" linenumber="51" name="tmp_11" contextFuncName="pixel_pack" moduleName="pixel_pack" rtlName="tmp_11_fu_954_p4" latency="0" BRAM="-1" DSP="-1" FF="-1" LUT="-1" fileDirectory="C:\Users\Ryan\Documents\University\EE315\Project\PYNQ-master\PYNQ-master\boards\ip\hls"><\/item>
<item  id="235" filename="pixel_pack/pixel_pack.cpp" linenumber="52" name="tmp_12" contextFuncName="pixel_pack" moduleName="pixel_pack" rtlName="tmp_12_fu_965_p4" latency="0" BRAM="-1" DSP="-1" FF="-1" LUT="-1" fileDirectory="C:\Users\Ryan\Documents\University\EE315\Project\PYNQ-master\PYNQ-master\boards\ip\hls"><\/item>
<item  id="244" filename="pixel_pack/pixel_pack.cpp" linenumber="59" name="trunc_ln647_6" contextFuncName="pixel_pack" moduleName="pixel_pack" rtlName="trunc_ln647_6_fu_976_p1" latency="0" BRAM="-1" DSP="-1" FF="-1" LUT="-1" fileDirectory="C:\Users\Ryan\Documents\University\EE315\Project\PYNQ-master\PYNQ-master\boards\ip\hls"><\/item>
<item  id="245" filename="pixel_pack/pixel_pack.cpp" linenumber="60" name="p_Result_s" contextFuncName="pixel_pack" moduleName="pixel_pack" rtlName="stream_out_32_user_V_1_data_in" latency="0" BRAM="-1" DSP="-1" FF="-1" LUT="-1" fileDirectory="C:\Users\Ryan\Documents\University\EE315\Project\PYNQ-master\PYNQ-master\boards\ip\hls"><\/item>
<item  id="246" filename="pixel_pack/pixel_pack.cpp" linenumber="61" name="p_Result_11" contextFuncName="pixel_pack" moduleName="pixel_pack" rtlName="stream_out_32_last_V_1_data_in" latency="0" BRAM="-1" DSP="-1" FF="-1" LUT="-1" fileDirectory="C:\Users\Ryan\Documents\University\EE315\Project\PYNQ-master\PYNQ-master\boards\ip\hls"><\/item>
<item  id="248" filename="pixel_pack/pixel_pack.cpp" linenumber="59" name="p_Result_29_1" contextFuncName="pixel_pack" moduleName="pixel_pack" rtlName="p_Result_29_1_reg_1225" latency="0" BRAM="-1" DSP="-1" FF="-1" LUT="-1" fileDirectory="C:\Users\Ryan\Documents\University\EE315\Project\PYNQ-master\PYNQ-master\boards\ip\hls"><\/item>
<item  id="249" filename="pixel_pack/pixel_pack.cpp" linenumber="60" name="p_Result_10" contextFuncName="pixel_pack" moduleName="pixel_pack" rtlName="p_Result_10_reg_1230" latency="0" BRAM="-1" DSP="-1" FF="-1" LUT="-1" fileDirectory="C:\Users\Ryan\Documents\University\EE315\Project\PYNQ-master\PYNQ-master\boards\ip\hls"><\/item>
<item  id="250" filename="pixel_pack/pixel_pack.cpp" linenumber="61" name="p_Result_1_1" contextFuncName="pixel_pack" moduleName="pixel_pack" rtlName="p_Result_1_1_reg_1235" latency="0" BRAM="-1" DSP="-1" FF="-1" LUT="-1" fileDirectory="C:\Users\Ryan\Documents\University\EE315\Project\PYNQ-master\PYNQ-master\boards\ip\hls"><\/item>
<item  id="252" filename="pixel_pack/pixel_pack.cpp" linenumber="59" name="p_Result_29_2" contextFuncName="pixel_pack" moduleName="pixel_pack" rtlName="p_Result_29_2_reg_1240" latency="0" BRAM="-1" DSP="-1" FF="-1" LUT="-1" fileDirectory="C:\Users\Ryan\Documents\University\EE315\Project\PYNQ-master\PYNQ-master\boards\ip\hls"><\/item>
<item  id="253" filename="pixel_pack/pixel_pack.cpp" linenumber="60" name="p_Result_2" contextFuncName="pixel_pack" moduleName="pixel_pack" rtlName="p_Result_2_reg_1245" latency="0" BRAM="-1" DSP="-1" FF="-1" LUT="-1" fileDirectory="C:\Users\Ryan\Documents\University\EE315\Project\PYNQ-master\PYNQ-master\boards\ip\hls"><\/item>
<item  id="254" filename="pixel_pack/pixel_pack.cpp" linenumber="61" name="p_Result_1_2" contextFuncName="pixel_pack" moduleName="pixel_pack" rtlName="p_Result_1_2_reg_1250" latency="0" BRAM="-1" DSP="-1" FF="-1" LUT="-1" fileDirectory="C:\Users\Ryan\Documents\University\EE315\Project\PYNQ-master\PYNQ-master\boards\ip\hls"><\/item>
<\/annotationInfo>
</annotationInfo>
